LocusID,CORE (in 95% of genomes or 95% of meta-transcriptomes; 5147 genes)
PA0001,CORE
PA0002,CORE
PA0003,CORE
PA0004,CORE
PA0005,CORE
PA0006,CORE
PA0007,CORE
PA0008,CORE
PA0009,CORE
PA0010,CORE
PA0011,CORE
PA0012,CORE
PA0013,CORE
PA0014,CORE
PA0015,CORE
PA0016,CORE
PA0017,CORE
PA0018,CORE
PA0019,CORE
PA0020,CORE
PA0021,CORE
PA0022,CORE
PA0023,CORE
PA0024,CORE
PA0025,CORE
PA0026,CORE
PA0027,CORE
PA0028,CORE
PA0029,CORE
PA0030,CORE
PA0031,CORE
PA0032,CORE
PA0033,CORE
PA0034,CORE
PA0035,CORE
PA0036,CORE
PA0037,CORE
PA0038,CORE
PA0039,CORE
PA0040,CORE
PA0041,CORE
PA0042,CORE
PA0043,CORE
PA0044,CORE
PA0045,CORE
PA0046,CORE
PA0047,CORE
PA0048,CORE
PA0049,CORE
PA0050,CORE
PA0051,CORE
PA0052,CORE
PA0053,--
PA0054,CORE
PA0055,CORE
PA0056,CORE
PA0057,CORE
PA0058,CORE
PA0059,CORE
PA0060,CORE
PA0061,CORE
PA0062,CORE
PA0063,CORE
PA0064,CORE
PA0065,CORE
PA0066,CORE
PA0067,CORE
PA0068,CORE
PA0069,CORE
PA0070,CORE
PA0071,CORE
PA0072,CORE
PA0073,CORE
PA0074,CORE
PA0075,CORE
PA0076,CORE
PA0077,CORE
PA0078,CORE
PA0079,CORE
PA0080,CORE
PA0081,CORE
PA0082,CORE
PA0083,CORE
PA0084,CORE
PA0085,CORE
PA0086,CORE
PA0087,CORE
PA0088,CORE
PA0089,CORE
PA0090,CORE
PA0091,CORE
PA0092,--
PA0093,CORE
PA0094,CORE
PA0095,CORE
PA0096,CORE
PA0097,CORE
PA0098,--
PA0099,--
PA0100,--
PA0101,--
PA0102,CORE
PA0103,CORE
PA0104,CORE
PA0105,CORE
PA0106,CORE
PA0107,CORE
PA0108,CORE
PA0109,CORE
PA0110,CORE
PA0111,CORE
PA0112,CORE
PA0113,CORE
PA0114,CORE
PA0115,CORE
PA0116,CORE
PA0117,CORE
PA0118,CORE
PA0119,CORE
PA0120,CORE
PA0121,CORE
PA0122,CORE
PA0123,CORE
PA0124,CORE
PA0125,CORE
PA0126,CORE
PA0127,CORE
PA0128,CORE
PA0129,CORE
PA0130,CORE
PA0131,CORE
PA0132,CORE
PA0133,CORE
PA0134,CORE
PA0135,--
PA0136,CORE
PA0137,CORE
PA0138,CORE
PA0139,CORE
PA0140,CORE
PA0141,CORE
PA0142,CORE
PA0143,CORE
PA0144,CORE
PA0145,CORE
PA0146,CORE
PA0147,CORE
PA0148,CORE
PA0149,CORE
PA0150,CORE
PA0151,CORE
PA0152,CORE
PA0153,CORE
PA0154,CORE
PA0155,CORE
PA0156,CORE
PA0157,CORE
PA0158,CORE
PA0159,CORE
PA0160,CORE
PA0161,CORE
PA0162,CORE
PA0163,CORE
PA0164,CORE
PA0165,CORE
PA0166,CORE
PA0167,CORE
PA0168,CORE
PA0169,CORE
PA0170,CORE
PA0171,CORE
PA0172,CORE
PA0173,CORE
PA0174,CORE
PA0175,CORE
PA0176,CORE
PA0177,CORE
PA0178,CORE
PA0179,CORE
PA0180,CORE
PA0181,CORE
PA0182,CORE
PA0183,CORE
PA0184,CORE
PA0185,CORE
PA0186,CORE
PA0187,--
PA0188,--
PA0189,CORE
PA0190,CORE
PA0191,CORE
PA0192,CORE
PA0193,CORE
PA0194,CORE
PA0195,CORE
PA0195.1,CORE
PA0196,CORE
PA0197,CORE
PA0198,CORE
PA0199,CORE
PA0200,CORE
PA0201,CORE
PA0202,--
PA0203,--
PA0204,--
PA0205,--
PA0206,--
PA0207,--
PA0208,CORE
PA0209,CORE
PA0210,CORE
PA0211,CORE
PA0212,CORE
PA0213,CORE
PA0214,CORE
PA0215,CORE
PA0216,CORE
PA0217,CORE
PA0218,CORE
PA0219,CORE
PA0220,CORE
PA0221,CORE
PA0222,CORE
PA0223,CORE
PA0224,CORE
PA0225,CORE
PA0226,CORE
PA0227,CORE
PA0228,CORE
PA0229,CORE
PA0230,CORE
PA0231,CORE
PA0232,CORE
PA0233,CORE
PA0234,CORE
PA0235,CORE
PA0236,CORE
PA0237,CORE
PA0238,CORE
PA0239,CORE
PA0240,CORE
PA0241,CORE
PA0242,CORE
PA0243,CORE
PA0244,CORE
PA0245,CORE
PA0246,CORE
PA0247,CORE
PA0248,CORE
PA0249,CORE
PA0250,CORE
PA0251,--
PA0252,CORE
PA0253,CORE
PA0254,CORE
PA0255,CORE
PA0256,CORE
PA0257,--
PA0258,--
PA0259,--
PA0260,--
PA0261,--
PA0262,CORE
PA0263,--
PA0264,--
PA0265,CORE
PA0266,CORE
PA0267,CORE
PA0268,CORE
PA0269,CORE
PA0270,CORE
PA0271,CORE
PA0272,CORE
PA0273,CORE
PA0274,CORE
PA0275,CORE
PA0276,CORE
PA0277,CORE
PA0278,CORE
PA0279,CORE
PA0280,CORE
PA0281,CORE
PA0282,CORE
PA0283,CORE
PA0284,CORE
PA0285,CORE
PA0286,CORE
PA0287,CORE
PA0288,CORE
PA0289,CORE
PA0290,CORE
PA0291,CORE
PA0292,CORE
PA0293,CORE
PA0294,CORE
PA0295,CORE
PA0296,CORE
PA0297,CORE
PA0298,CORE
PA0299,CORE
PA0300,CORE
PA0301,CORE
PA0302,CORE
PA0303,CORE
PA0304,CORE
PA0305,CORE
PA0306,CORE
PA0306.1,CORE
PA0307,CORE
PA0308,CORE
PA0309,CORE
PA0310,CORE
PA0311,CORE
PA0312,CORE
PA0313,CORE
PA0314,CORE
PA0315,CORE
PA0316,CORE
PA0317,CORE
PA0318,CORE
PA0319,CORE
PA0320,CORE
PA0321,CORE
PA0322,CORE
PA0323,CORE
PA0324,CORE
PA0325,CORE
PA0326,CORE
PA0327,CORE
PA0328,CORE
PA0329,CORE
PA0330,CORE
PA0331,CORE
PA0332,CORE
PA0333,CORE
PA0334,CORE
PA0335,CORE
PA0336,CORE
PA0337,CORE
PA0338,CORE
PA0339,CORE
PA0340,CORE
PA0341,CORE
PA0342,CORE
PA0343,CORE
PA0344,CORE
PA0345,CORE
PA0346,CORE
PA0347,CORE
PA0348,CORE
PA0349,CORE
PA0350,CORE
PA0351,CORE
PA0352,CORE
PA0353,CORE
PA0354,CORE
PA0355,CORE
PA0356,CORE
PA0357,CORE
PA0358,CORE
PA0359,CORE
PA0360,CORE
PA0361,CORE
PA0362,CORE
PA0363,CORE
PA0364,CORE
PA0365,CORE
PA0366,CORE
PA0367,CORE
PA0368,CORE
PA0369,--
PA0370,CORE
PA0371,CORE
PA0372,CORE
PA0373,CORE
PA0374,CORE
PA0375,CORE
PA0376,CORE
PA0377,CORE
PA0378,CORE
PA0379,CORE
PA0380,CORE
PA0381,CORE
PA0382,CORE
PA0383,CORE
PA0384,CORE
PA0385,CORE
PA0386,CORE
PA0387,CORE
PA0388,CORE
PA0389,CORE
PA0390,CORE
PA0391,CORE
PA0392,CORE
PA0393,CORE
PA0394,CORE
PA0395,CORE
PA0396,CORE
PA0397,CORE
PA0398,CORE
PA0399,CORE
PA0400,CORE
PA0401,CORE
PA0402,CORE
PA0403,CORE
PA0404,CORE
PA0405,CORE
PA0406,CORE
PA0407,CORE
PA0408,CORE
PA0409,CORE
PA0410,CORE
PA0411,CORE
PA0412,CORE
PA0413,CORE
PA0414,CORE
PA0415,CORE
PA0416,CORE
PA0417,CORE
PA0418,CORE
PA0419,CORE
PA0420,CORE
PA0421,CORE
PA0422,CORE
PA0423,CORE
PA0424,CORE
PA0425,CORE
PA0426,CORE
PA0427,CORE
PA0428,CORE
PA0429,CORE
PA0430,CORE
PA0431,CORE
PA0432,CORE
PA0433,CORE
PA0434,CORE
PA0435,CORE
PA0436,CORE
PA0437,CORE
PA0438,CORE
PA0439,CORE
PA0440,CORE
PA0441,CORE
PA0442,--
PA0443,CORE
PA0444,CORE
PA0445,--
PA0446,CORE
PA0447,CORE
PA0448,CORE
PA0449,CORE
PA0450,CORE
PA0451,CORE
PA0452,CORE
PA0453,--
PA0454,CORE
PA0455,CORE
PA0456,CORE
PA0457,CORE
PA0457.1,--
PA0458,CORE
PA0459,CORE
PA0460,CORE
PA0461,CORE
PA0462,CORE
PA0463,CORE
PA0464,CORE
PA0465,CORE
PA0466,CORE
PA0467,CORE
PA0468,CORE
PA0469,CORE
PA0470,CORE
PA0471,CORE
PA0472,CORE
PA0473,CORE
PA0474,CORE
PA0475,CORE
PA0476,CORE
PA0477,CORE
PA0478,CORE
PA0479,CORE
PA0480,CORE
PA0481,CORE
PA0482,CORE
PA0483,CORE
PA0484,CORE
PA0485,CORE
PA0486,CORE
PA0487,CORE
PA0488,CORE
PA0489,CORE
PA0490,CORE
PA0491,CORE
PA0492,CORE
PA0493,CORE
PA0494,CORE
PA0495,CORE
PA0496,CORE
PA0497,--
PA0498,--
PA0499,--
PA0500,CORE
PA0501,CORE
PA0502,CORE
PA0503,CORE
PA0504,CORE
PA0505,CORE
PA0506,CORE
PA0507,CORE
PA0508,CORE
PA0509,CORE
PA0510,CORE
PA0511,CORE
PA0512,CORE
PA0513,CORE
PA0514,CORE
PA0515,CORE
PA0516,CORE
PA0517,CORE
PA0518,CORE
PA0519,CORE
PA0520,CORE
PA0521,CORE
PA0522,CORE
PA0523,CORE
PA0524,CORE
PA0525,CORE
PA0526,CORE
PA0527,CORE
PA0528,CORE
PA0529,CORE
PA0530,CORE
PA0531,CORE
PA0532,CORE
PA0533,CORE
PA0534,CORE
PA0535,CORE
PA0536,CORE
PA0537,CORE
PA0538,CORE
PA0539,CORE
PA0540,CORE
PA0541,CORE
PA0542,CORE
PA0543,CORE
PA0544,CORE
PA0545,CORE
PA0546,CORE
PA0547,CORE
PA0548,CORE
PA0549,CORE
PA0550,CORE
PA0551,CORE
PA0552,CORE
PA0553,CORE
PA0554,CORE
PA0555,CORE
PA0556,CORE
PA0557,CORE
PA0558,CORE
PA0559,CORE
PA0560,CORE
PA0561,--
PA0562,CORE
PA0563,CORE
PA0564,CORE
PA0565,CORE
PA0566,CORE
PA0567,CORE
PA0568,CORE
PA0569,CORE
PA0570,CORE
PA0571,CORE
PA0572,CORE
PA0573,--
PA0574,CORE
PA0575,CORE
PA0576,CORE
PA0577,CORE
PA0578,CORE
PA0579,CORE
PA0580,CORE
PA0581,CORE
PA0582,CORE
PA0583,CORE
PA0584,CORE
PA0585,CORE
PA0586,CORE
PA0587,CORE
PA0588,CORE
PA0589,CORE
PA0590,CORE
PA0591,CORE
PA0592,CORE
PA0593,CORE
PA0594,CORE
PA0595,CORE
PA0596,CORE
PA0597,CORE
PA0598,CORE
PA0599,CORE
PA0600,CORE
PA0601,CORE
PA0602,CORE
PA0603,CORE
PA0604,CORE
PA0605,CORE
PA0606,CORE
PA0607,CORE
PA0608,CORE
PA0609,CORE
PA0610,CORE
PA0611,CORE
PA0612,CORE
PA0613,CORE
PA0614,CORE
PA0615,--
PA0616,--
PA0617,--
PA0618,--
PA0619,--
PA0620,--
PA0621,--
PA0622,--
PA0623,--
PA0624,--
PA0625,--
PA0626,--
PA0627,--
PA0628,--
PA0629,CORE
PA0630,CORE
PA0631,--
PA0632,--
PA0633,--
PA0634,--
PA0635,--
PA0636,--
PA0637,--
PA0638,--
PA0639,--
PA0640,--
PA0641,--
PA0642,--
PA0643,--
PA0644,--
PA0645,--
PA0646,--
PA0647,--
PA0648,--
PA0649,CORE
PA0650,CORE
PA0651,CORE
PA0652,CORE
PA0653,CORE
PA0654,CORE
PA0655,CORE
PA0656,CORE
PA0657,CORE
PA0658,CORE
PA0659,CORE
PA0660,CORE
PA0661,CORE
PA0662,CORE
PA0663,CORE
PA0664,CORE
PA0665,CORE
PA0666,CORE
PA0667,CORE
PA0668,CORE
PA0669,CORE
PA0670,CORE
PA0671,CORE
PA0672,CORE
PA0673,CORE
PA0674,CORE
PA0675,CORE
PA0676,CORE
PA0677,CORE
PA0678,CORE
PA0679,CORE
PA0680,CORE
PA0681,CORE
PA0682,CORE
PA0683,CORE
PA0684,CORE
PA0685,CORE
PA0686,CORE
PA0687,CORE
PA0688,--
PA0689,--
PA0690,CORE
PA0691,--
PA0692,--
PA0693,CORE
PA0694,CORE
PA0695,CORE
PA0696,CORE
PA0697,CORE
PA0698,CORE
PA0699,CORE
PA0700,CORE
PA0701,CORE
PA0702,CORE
PA0703,CORE
PA0704,CORE
PA0705,CORE
PA0706,CORE
PA0707,CORE
PA0708,CORE
PA0708.1,--
PA0709,CORE
PA0710,CORE
PA0711,--
PA0712,--
PA0713,--
PA0714,--
PA0715,--
PA0716,--
PA0716.1,--
PA0716.2,--
PA0717,--
PA0718,--
PA0719,--
PA0720,--
PA0721,--
PA0722,--
PA0723,--
PA0724,--
PA0725,--
PA0726,--
PA0727,--
PA0728,--
PA0729,--
PA0730,CORE
PA0731,CORE
PA0732,CORE
PA0733,CORE
PA0734,CORE
PA0735,CORE
PA0736,CORE
PA0737,CORE
PA0738,CORE
PA0739,CORE
PA0740,CORE
PA0741,CORE
PA0742,CORE
PA0743,CORE
PA0744,CORE
PA0745,CORE
PA0746,CORE
PA0747,CORE
PA0749,CORE
PA0750,CORE
PA0751,CORE
PA0752,CORE
PA0753,CORE
PA0754,CORE
PA0755,CORE
PA0756,CORE
PA0757,CORE
PA0758,CORE
PA0759,CORE
PA0760,CORE
PA0761,CORE
PA0762,CORE
PA0763,CORE
PA0764,CORE
PA0765,CORE
PA0766,CORE
PA0767,CORE
PA0768,CORE
PA0769,CORE
PA0770,CORE
PA0771,CORE
PA0772,CORE
PA0773,CORE
PA0774,CORE
PA0775,CORE
PA0776,CORE
PA0777,CORE
PA0778,CORE
PA0779,CORE
PA0780,CORE
PA0781,CORE
PA0782,CORE
PA0783,CORE
PA0784,CORE
PA0785,CORE
PA0786,CORE
PA0787,CORE
PA0788,CORE
PA0789,CORE
PA0790,CORE
PA0791,CORE
PA0792,CORE
PA0793,CORE
PA0794,CORE
PA0795,CORE
PA0796,CORE
PA0797,CORE
PA0798,CORE
PA0799,CORE
PA0800,CORE
PA0801,CORE
PA0802,CORE
PA0803,CORE
PA0804,CORE
PA0805,CORE
PA0806,CORE
PA0807,CORE
PA0808,CORE
PA0809,CORE
PA0810,CORE
PA0811,CORE
PA0812,CORE
PA0813,CORE
PA0814,CORE
PA0815,CORE
PA0816,CORE
PA0817,CORE
PA0818,CORE
PA0819,--
PA0820,--
PA0821,--
PA0822,--
PA0823,--
PA0824,--
PA0825,--
PA0826,--
PA0826.1,CORE
PA0827,CORE
PA0828,CORE
PA0829,CORE
PA0830,CORE
PA0831,CORE
PA0832,CORE
PA0833,CORE
PA0834,CORE
PA0835,CORE
PA0836,CORE
PA0837,CORE
PA0838,CORE
PA0839,CORE
PA0840,CORE
PA0841,CORE
PA0842,CORE
PA0843,CORE
PA0844,CORE
PA0845,CORE
PA0846,CORE
PA0847,CORE
PA0848,CORE
PA0849,CORE
PA0850,CORE
PA0851,CORE
PA0852,CORE
PA0852.1,--
PA0853,CORE
PA0854,CORE
PA0855,CORE
PA0856,CORE
PA0857,CORE
PA0858,CORE
PA0859,CORE
PA0860,CORE
PA0861,CORE
PA0862,CORE
PA0863,CORE
PA0864,CORE
PA0865,CORE
PA0866,CORE
PA0867,CORE
PA0868,CORE
PA0869,CORE
PA0870,CORE
PA0871,CORE
PA0872,CORE
PA0873,CORE
PA0874,CORE
PA0875,CORE
PA0876,CORE
PA0877,CORE
PA0878,CORE
PA0879,CORE
PA0880,CORE
PA0881,CORE
PA0882,CORE
PA0883,CORE
PA0884,CORE
PA0885,CORE
PA0886,CORE
PA0887,CORE
PA0888,CORE
PA0889,CORE
PA0890,CORE
PA0891,CORE
PA0892,CORE
PA0893,CORE
PA0894,CORE
PA0895,CORE
PA0896,CORE
PA0897,CORE
PA0898,CORE
PA0899,CORE
PA0900,CORE
PA0901,CORE
PA0902,CORE
PA0903,CORE
PA0904,CORE
PA0905,CORE
PA0906,CORE
PA0907,CORE
PA0908,CORE
PA0909,CORE
PA0910,--
PA0911,CORE
PA0912,CORE
PA0913,CORE
PA0914,CORE
PA0915,CORE
PA0916,CORE
PA0917,CORE
PA0918,CORE
PA0919,CORE
PA0920,CORE
PA0921,CORE
PA0922,CORE
PA0923,CORE
PA0924,CORE
PA0925,CORE
PA0926,CORE
PA0927,CORE
PA0928,CORE
PA0929,CORE
PA0930,CORE
PA0931,CORE
PA0932,CORE
PA0933,CORE
PA0934,CORE
PA0935,CORE
PA0936,CORE
PA0937,CORE
PA0938,CORE
PA0939,CORE
PA0940,CORE
PA0941,CORE
PA0942,CORE
PA0943,CORE
PA0944,CORE
PA0945,CORE
PA0946,CORE
PA0947,CORE
PA0948,CORE
PA0949,CORE
PA0950,CORE
PA0951,CORE
PA0952,CORE
PA0953,CORE
PA0954,CORE
PA0955,CORE
PA0956,CORE
PA0957,CORE
PA0958,CORE
PA0959,CORE
PA0960,CORE
PA0961,CORE
PA0962,CORE
PA0963,CORE
PA0964,CORE
PA0965,CORE
PA0966,CORE
PA0967,CORE
PA0968,CORE
PA0969,CORE
PA0970,CORE
PA0971,CORE
PA0972,CORE
PA0973,CORE
PA0974,CORE
PA0975,CORE
PA0976,CORE
PA0977,--
PA0978,--
PA0979,--
PA0980,--
PA0981,--
PA0982,--
PA0983,--
PA0984,--
PA0985,--
PA0986,--
PA0987,--
PA0988,CORE
PA0989,CORE
PA0990,CORE
PA0991,--
PA0992,--
PA0993,--
PA0994,CORE
PA0995,CORE
PA0996,CORE
PA0997,CORE
PA0998,CORE
PA0999,CORE
PA1000,CORE
PA1001,CORE
PA1002,CORE
PA1003,CORE
PA1004,CORE
PA1005,CORE
PA1006,CORE
PA1007,CORE
PA1008,CORE
PA1009,CORE
PA1010,CORE
PA1011,CORE
PA1012,CORE
PA1013,CORE
PA1014,--
PA1015,CORE
PA1016,CORE
PA1017,--
PA1018,CORE
PA1019,CORE
PA1020,CORE
PA1021,CORE
PA1022,CORE
PA1023,CORE
PA1024,CORE
PA1025,--
PA1026,CORE
PA1027,CORE
PA1028,CORE
PA1029,CORE
PA1030,CORE
PA1031,CORE
PA1032,CORE
PA1033,CORE
PA1034,CORE
PA1035,CORE
PA1036,CORE
PA1037,CORE
PA1038,CORE
PA1039,CORE
PA1040,CORE
PA1041,CORE
PA1042,CORE
PA1043,CORE
PA1044,CORE
PA1045,CORE
PA1046,CORE
PA1047,CORE
PA1048,CORE
PA1049,CORE
PA1050,CORE
PA1051,CORE
PA1052,CORE
PA1053,CORE
PA1054,CORE
PA1055,CORE
PA1056,CORE
PA1057,CORE
PA1058,CORE
PA1059,CORE
PA1060,CORE
PA1061,CORE
PA1062,CORE
PA1063,CORE
PA1064,CORE
PA1065,CORE
PA1066,CORE
PA1067,CORE
PA1068,CORE
PA1069,CORE
PA1070,CORE
PA1071,CORE
PA1072,CORE
PA1073,CORE
PA1074,CORE
PA1075,CORE
PA1076,CORE
PA1077,CORE
PA1078,CORE
PA1079,CORE
PA1080,CORE
PA1081,CORE
PA1082,CORE
PA1083,CORE
PA1084,CORE
PA1085,CORE
PA1086,CORE
PA1087,--
PA1088,--
PA1089,--
PA1090,--
PA1091,--
PA1092,--
PA1093,--
PA1094,--
PA1095,--
PA1096,--
PA1097,CORE
PA1098,CORE
PA1099,CORE
PA1100,CORE
PA1101,CORE
PA1102,CORE
PA1103,CORE
PA1104,CORE
PA1105,CORE
PA1106,CORE
PA1107,CORE
PA1108,CORE
PA1109,CORE
PA1110,CORE
PA1111,CORE
PA1112,CORE
PA1113,CORE
PA1114,CORE
PA1115,CORE
PA1116,CORE
PA1117,CORE
PA1118,CORE
PA1119,CORE
PA1120,CORE
PA1121,CORE
PA1122,CORE
PA1123,CORE
PA1124,CORE
PA1125,CORE
PA1126,CORE
PA1127,CORE
PA1128,CORE
PA1129,--
PA1130,CORE
PA1131,CORE
PA1132,CORE
PA1133,CORE
PA1134,CORE
PA1135,CORE
PA1136,CORE
PA1137,CORE
PA1138,CORE
PA1139,CORE
PA1140,CORE
PA1141,CORE
PA1142,CORE
PA1143,CORE
PA1144,CORE
PA1145,CORE
PA1146,CORE
PA1147,CORE
PA1148,CORE
PA1149,--
PA1150,--
PA1151,--
PA1152,--
PA1153,--
PA1154,--
PA1155,CORE
PA1156,CORE
PA1157,CORE
PA1158,CORE
PA1159,CORE
PA1160,CORE
PA1161,CORE
PA1162,CORE
PA1163,CORE
PA1164,CORE
PA1165,CORE
PA1166,CORE
PA1167,CORE
PA1168,CORE
PA1169,CORE
PA1170,CORE
PA1171,CORE
PA1172,CORE
PA1173,CORE
PA1174,CORE
PA1175,CORE
PA1176,CORE
PA1177,CORE
PA1178,CORE
PA1179,CORE
PA1180,CORE
PA1181,CORE
PA1182,CORE
PA1183,CORE
PA1184,CORE
PA1185,CORE
PA1186,CORE
PA1187,CORE
PA1188,CORE
PA1189,CORE
PA1190,CORE
PA1191,CORE
PA1192,CORE
PA1193,CORE
PA1194,CORE
PA1195,CORE
PA1196,CORE
PA1197,CORE
PA1198,CORE
PA1199,CORE
PA1200,CORE
PA1201,CORE
PA1202,CORE
PA1203,CORE
PA1204,CORE
PA1205,CORE
PA1206,CORE
PA1207,CORE
PA1208,CORE
PA1209,CORE
PA1210,CORE
PA1211,CORE
PA1212,CORE
PA1213,CORE
PA1214,CORE
PA1215,CORE
PA1216,CORE
PA1217,CORE
PA1218,CORE
PA1219,CORE
PA1220,--
PA1221,CORE
PA1222,CORE
PA1223,CORE
PA1224,CORE
PA1225,CORE
PA1226,CORE
PA1227,CORE
PA1228,CORE
PA1229,CORE
PA1230,CORE
PA1231,CORE
PA1232,CORE
PA1233,CORE
PA1234,CORE
PA1235,CORE
PA1236,CORE
PA1237,CORE
PA1238,--
PA1239,--
PA1240,--
PA1241,--
PA1242,CORE
PA1243,CORE
PA1244,CORE
PA1245,CORE
PA1246,CORE
PA1247,CORE
PA1248,CORE
PA1249,CORE
PA1250,CORE
PA1251,CORE
PA1252,CORE
PA1253,CORE
PA1254,CORE
PA1255,CORE
PA1256,CORE
PA1257,CORE
PA1258,CORE
PA1259,CORE
PA1260,CORE
PA1261,CORE
PA1262,--
PA1263,CORE
PA1264,CORE
PA1265,CORE
PA1266,CORE
PA1266.1,--
PA1267,CORE
PA1268,CORE
PA1269,CORE
PA1270,CORE
PA1271,CORE
PA1272,CORE
PA1273,CORE
PA1274,CORE
PA1275,CORE
PA1276,CORE
PA1277,CORE
PA1278,CORE
PA1279,CORE
PA1280,CORE
PA1281,CORE
PA1282,CORE
PA1283,CORE
PA1284,CORE
PA1285,CORE
PA1286,CORE
PA1287,CORE
PA1288,CORE
PA1289,CORE
PA1290,CORE
PA1291,CORE
PA1292,CORE
PA1293,CORE
PA1294,CORE
PA1295,CORE
PA1296,CORE
PA1297,CORE
PA1298,CORE
PA1299,CORE
PA1300,CORE
PA1301,CORE
PA1302,CORE
PA1303,CORE
PA1304,CORE
PA1305,CORE
PA1306,CORE
PA1307,CORE
PA1308,CORE
PA1309,CORE
PA1310,CORE
PA1311,CORE
PA1312,CORE
PA1313,--
PA1314,CORE
PA1315,CORE
PA1316,CORE
PA1317,CORE
PA1318,CORE
PA1319,CORE
PA1320,CORE
PA1321,CORE
PA1322,CORE
PA1323,CORE
PA1324,CORE
PA1325,CORE
PA1326,CORE
PA1327,CORE
PA1328,CORE
PA1329,CORE
PA1330,CORE
PA1331,CORE
PA1332,CORE
PA1333,CORE
PA1334,CORE
PA1335,CORE
PA1336,CORE
PA1337,CORE
PA1338,CORE
PA1339,CORE
PA1340,CORE
PA1341,CORE
PA1342,CORE
PA1343,CORE
PA1344,CORE
PA1345,CORE
PA1346,CORE
PA1347,--
PA1348,CORE
PA1349,CORE
PA1350,CORE
PA1351,CORE
PA1352,CORE
PA1353,CORE
PA1354,CORE
PA1355,CORE
PA1356,CORE
PA1357,CORE
PA1358,CORE
PA1359,CORE
PA1360,CORE
PA1361,CORE
PA1362,--
PA1363,CORE
PA1364,CORE
PA1365,CORE
PA1366,--
PA1367,CORE
PA1368,--
PA1369,--
PA1370,--
PA1371,--
PA1372,--
PA1373,CORE
PA1374,CORE
PA1375,CORE
PA1376,CORE
PA1377,CORE
PA1378,--
PA1379,--
PA1380,--
PA1381,--
PA1382,--
PA1383,--
PA1384,--
PA1385,--
PA1386,--
PA1387,--
PA1388,--
PA1389,--
PA1390,--
PA1391,--
PA1392,--
PA1393,--
PA1394,--
PA1395,CORE
PA1396,CORE
PA1397,CORE
PA1398,CORE
PA1399,CORE
PA1400,CORE
PA1401,CORE
PA1402,CORE
PA1403,CORE
PA1404,CORE
PA1405,CORE
PA1406,--
PA1407,CORE
PA1408,CORE
PA1409,CORE
PA1410,CORE
PA1411,CORE
PA1412,CORE
PA1413,CORE
PA1414,CORE
PA1415,CORE
PA1416,CORE
PA1417,CORE
PA1418,CORE
PA1419,CORE
PA1420,CORE
PA1421,CORE
PA1422,CORE
PA1423,CORE
PA1424,CORE
PA1425,CORE
PA1426,--
PA1427,--
PA1428,CORE
PA1429,CORE
PA1430,CORE
PA1431,--
PA1432,CORE
PA1433,CORE
PA1434,CORE
PA1435,CORE
PA1436,CORE
PA1437,CORE
PA1438,CORE
PA1439,CORE
PA1440,CORE
PA1441,CORE
PA1442,CORE
PA1443,CORE
PA1444,CORE
PA1445,CORE
PA1446,CORE
PA1447,CORE
PA1448,CORE
PA1449,CORE
PA1450,CORE
PA1451,CORE
PA1452,CORE
PA1453,CORE
PA1454,CORE
PA1455,CORE
PA1456,CORE
PA1457,CORE
PA1458,CORE
PA1459,CORE
PA1460,CORE
PA1461,CORE
PA1462,CORE
PA1463,CORE
PA1464,CORE
PA1465,CORE
PA1466,CORE
PA1467,CORE
PA1468,CORE
PA1469,CORE
PA1470,CORE
PA1471,--
PA1472,--
PA1473,CORE
PA1474,CORE
PA1475,CORE
PA1476,CORE
PA1477,CORE
PA1478,CORE
PA1479,CORE
PA1480,CORE
PA1481,CORE
PA1482,CORE
PA1483,CORE
PA1484,CORE
PA1485,CORE
PA1486,CORE
PA1487,CORE
PA1488,CORE
PA1489,CORE
PA1490,CORE
PA1491,CORE
PA1492,CORE
PA1493,CORE
PA1494,CORE
PA1495,CORE
PA1496,CORE
PA1497,CORE
PA1498,CORE
PA1499,CORE
PA1500,CORE
PA1501,CORE
PA1502,CORE
PA1503,CORE
PA1504,CORE
PA1505,CORE
PA1506,CORE
PA1507,CORE
PA1508,CORE
PA1509,CORE
PA1510,CORE
PA1511,CORE
PA1512,--
PA1513,CORE
PA1514,CORE
PA1515,CORE
PA1516,CORE
PA1517,CORE
PA1518,CORE
PA1519,CORE
PA1520,CORE
PA1521,CORE
PA1522,CORE
PA1523,CORE
PA1524,CORE
PA1525,CORE
PA1526,CORE
PA1527,CORE
PA1528,CORE
PA1529,CORE
PA1530,CORE
PA1531,CORE
PA1532,CORE
PA1533,CORE
PA1534,CORE
PA1535,CORE
PA1536,CORE
PA1537,CORE
PA1538,CORE
PA1539,CORE
PA1540,CORE
PA1541,CORE
PA1542,CORE
PA1543,CORE
PA1544,CORE
PA1545,CORE
PA1546,CORE
PA1547,CORE
PA1548,CORE
PA1549,CORE
PA1550,CORE
PA1551,CORE
PA1552,CORE
PA1552.1,CORE
PA1553,CORE
PA1554,CORE
PA1555,CORE
PA1555.1,CORE
PA1556,CORE
PA1557,CORE
PA1558,CORE
PA1559,CORE
PA1560,CORE
PA1561,CORE
PA1562,CORE
PA1563,CORE
PA1564,CORE
PA1565,CORE
PA1566,CORE
PA1567,CORE
PA1568,CORE
PA1569,CORE
PA1570,CORE
PA1571,CORE
PA1572,CORE
PA1573,CORE
PA1574,CORE
PA1575,CORE
PA1576,CORE
PA1577,CORE
PA1578,CORE
PA1579,CORE
PA1580,CORE
PA1581,CORE
PA1582,CORE
PA1583,CORE
PA1584,CORE
PA1585,CORE
PA1586,CORE
PA1587,CORE
PA1588,CORE
PA1589,CORE
PA1590,CORE
PA1591,CORE
PA1592,CORE
PA1593,CORE
PA1594,CORE
PA1595,CORE
PA1596,CORE
PA1597,CORE
PA1598,CORE
PA1599,CORE
PA1600,CORE
PA1601,CORE
PA1602,CORE
PA1603,CORE
PA1604,CORE
PA1605,CORE
PA1606,CORE
PA1607,CORE
PA1608,CORE
PA1609,CORE
PA1610,CORE
PA1611,CORE
PA1612,CORE
PA1613,CORE
PA1614,CORE
PA1615,CORE
PA1616,CORE
PA1617,CORE
PA1618,CORE
PA1619,CORE
PA1620,CORE
PA1621,CORE
PA1622,CORE
PA1623,CORE
PA1624,CORE
PA1625,CORE
PA1626,CORE
PA1627,CORE
PA1628,CORE
PA1629,CORE
PA1630,CORE
PA1631,CORE
PA1632,CORE
PA1633,CORE
PA1634,CORE
PA1635,CORE
PA1636,CORE
PA1637,CORE
PA1638,CORE
PA1639,CORE
PA1640,CORE
PA1641,CORE
PA1642,CORE
PA1643,CORE
PA1644,CORE
PA1645,CORE
PA1646,CORE
PA1647,CORE
PA1648,CORE
PA1649,CORE
PA1650,CORE
PA1651,CORE
PA1652,CORE
PA1653,CORE
PA1654,CORE
PA1655,CORE
PA1656,CORE
PA1657,CORE
PA1658,CORE
PA1659,CORE
PA1660,CORE
PA1661,CORE
PA1662,CORE
PA1663,CORE
PA1664,CORE
PA1665,CORE
PA1666,CORE
PA1667,CORE
PA1668,CORE
PA1669,CORE
PA1670,CORE
PA1671,CORE
PA1672,CORE
PA1673,CORE
PA1674,CORE
PA1675,CORE
PA1676,CORE
PA1677,CORE
PA1678,CORE
PA1679,CORE
PA1680,CORE
PA1681,CORE
PA1682,CORE
PA1683,CORE
PA1684,CORE
PA1685,CORE
PA1686,CORE
PA1687,CORE
PA1688,CORE
PA1689,CORE
PA1690,CORE
PA1691,CORE
PA1692,CORE
PA1693,CORE
PA1694,CORE
PA1695,--
PA1696,CORE
PA1697,CORE
PA1698,CORE
PA1699,CORE
PA1700,CORE
PA1701,CORE
PA1702,CORE
PA1703,CORE
PA1704,CORE
PA1705,CORE
PA1706,CORE
PA1707,CORE
PA1708,CORE
PA1709,CORE
PA1710,CORE
PA1711,CORE
PA1712,CORE
PA1713,CORE
PA1714,CORE
PA1715,CORE
PA1716,CORE
PA1717,CORE
PA1718,CORE
PA1719,CORE
PA1720,CORE
PA1721,CORE
PA1722,CORE
PA1723,CORE
PA1724,CORE
PA1725,CORE
PA1726,CORE
PA1727,CORE
PA1728,CORE
PA1729,CORE
PA1730,CORE
PA1731,CORE
PA1732,CORE
PA1733,CORE
PA1734,CORE
PA1735,CORE
PA1736,CORE
PA1737,CORE
PA1738,CORE
PA1739,CORE
PA1740,CORE
PA1741,CORE
PA1742,CORE
PA1743,CORE
PA1744,CORE
PA1745,CORE
PA1746,CORE
PA1747,CORE
PA1748,CORE
PA1749,CORE
PA1750,CORE
PA1751,CORE
PA1752,CORE
PA1753,CORE
PA1754,CORE
PA1755,CORE
PA1756,CORE
PA1757,CORE
PA1758,CORE
PA1759,CORE
PA1760,CORE
PA1761,CORE
PA1762,CORE
PA1763,CORE
PA1764,CORE
PA1765,CORE
PA1766,CORE
PA1767,CORE
PA1768,CORE
PA1769,CORE
PA1770,CORE
PA1771,CORE
PA1772,CORE
PA1773,CORE
PA1774,CORE
PA1775,CORE
PA1776,CORE
PA1777,CORE
PA1778,CORE
PA1779,CORE
PA1780,CORE
PA1781,CORE
PA1782,CORE
PA1783,CORE
PA1784,CORE
PA1785,CORE
PA1786,CORE
PA1787,CORE
PA1788,CORE
PA1789,CORE
PA1790,CORE
PA1791,CORE
PA1792,CORE
PA1793,CORE
PA1794,CORE
PA1795,CORE
PA1796,CORE
PA1797,CORE
PA1798,CORE
PA1799,CORE
PA1800,CORE
PA1801,CORE
PA1802,CORE
PA1803,CORE
PA1804,CORE
PA1805,CORE
PA1806,CORE
PA1807,CORE
PA1808,CORE
PA1809,CORE
PA1810,CORE
PA1811,CORE
PA1812,CORE
PA1813,CORE
PA1814,CORE
PA1815,CORE
PA1816,CORE
PA1817,CORE
PA1818,CORE
PA1819,CORE
PA1820,CORE
PA1821,CORE
PA1822,CORE
PA1823,CORE
PA1824,CORE
PA1825,CORE
PA1826,CORE
PA1827,CORE
PA1828,CORE
PA1829,CORE
PA1830,CORE
PA1831,CORE
PA1832,CORE
PA1833,CORE
PA1834,CORE
PA1835,CORE
PA1836,CORE
PA1837,CORE
PA1838,CORE
PA1839,CORE
PA1840,CORE
PA1841,CORE
PA1842,CORE
PA1843,CORE
PA1844,CORE
PA1845,CORE
PA1846,CORE
PA1847,CORE
PA1848,CORE
PA1849,CORE
PA1850,CORE
PA1851,CORE
PA1852,CORE
PA1853,CORE
PA1854,CORE
PA1855,CORE
PA1856,CORE
PA1857,CORE
PA1858,CORE
PA1859,CORE
PA1860,CORE
PA1861,CORE
PA1862,CORE
PA1863,CORE
PA1864,CORE
PA1865,CORE
PA1866,CORE
PA1867,CORE
PA1868,CORE
PA1869,CORE
PA1870,CORE
PA1871,CORE
PA1872,CORE
PA1873,CORE
PA1874,CORE
PA1875,CORE
PA1876,CORE
PA1877,CORE
PA1878,CORE
PA1879,CORE
PA1880,CORE
PA1881,CORE
PA1882,CORE
PA1883,CORE
PA1884,CORE
PA1885,CORE
PA1886,CORE
PA1887,--
PA1888,--
PA1889,CORE
PA1890,CORE
PA1891,CORE
PA1892,CORE
PA1893,CORE
PA1894,CORE
PA1895,CORE
PA1896,CORE
PA1897,CORE
PA1898,CORE
PA1899,CORE
PA1900,CORE
PA1901,CORE
PA1902,--
PA1903,--
PA1904,CORE
PA1905,--
PA1906,CORE
PA1907,CORE
PA1908,CORE
PA1909,CORE
PA1910,CORE
PA1911,CORE
PA1912,CORE
PA1913,CORE
PA1914,--
PA1915,CORE
PA1916,CORE
PA1917,CORE
PA1918,--
PA1919,CORE
PA1920,CORE
PA1921,CORE
PA1922,CORE
PA1923,CORE
PA1924,CORE
PA1925,CORE
PA1926,CORE
PA1927,CORE
PA1928,CORE
PA1929,CORE
PA1930,CORE
PA1931,--
PA1932,--
PA1933,--
PA1934,CORE
PA1935,--
PA1936,--
PA1937,--
PA1938,--
PA1939,--
PA1940,CORE
PA1941,CORE
PA1942,CORE
PA1943,CORE
PA1944,CORE
PA1945,CORE
PA1946,CORE
PA1947,CORE
PA1948,CORE
PA1949,CORE
PA1950,CORE
PA1951,CORE
PA1952,CORE
PA1953,CORE
PA1954,CORE
PA1955,CORE
PA1956,CORE
PA1957,CORE
PA1958,CORE
PA1959,CORE
PA1960,CORE
PA1961,CORE
PA1962,CORE
PA1963,CORE
PA1964,CORE
PA1965,CORE
PA1966,--
PA1967,CORE
PA1968,CORE
PA1969,CORE
PA1970,CORE
PA1971,CORE
PA1972,CORE
PA1973,--
PA1974,--
PA1975,--
PA1976,CORE
PA1977,CORE
PA1978,CORE
PA1979,CORE
PA1980,CORE
PA1981,CORE
PA1982,CORE
PA1983,CORE
PA1984,CORE
PA1985,CORE
PA1986,CORE
PA1987,CORE
PA1988,CORE
PA1989,CORE
PA1990,CORE
PA1991,CORE
PA1992,CORE
PA1993,CORE
PA1994,CORE
PA1995,CORE
PA1996,CORE
PA1997,CORE
PA1998,CORE
PA1999,CORE
PA2000,CORE
PA2001,CORE
PA2002,CORE
PA2003,CORE
PA2004,CORE
PA2005,CORE
PA2006,CORE
PA2007,CORE
PA2008,CORE
PA2009,CORE
PA2010,CORE
PA2011,CORE
PA2012,CORE
PA2013,CORE
PA2014,CORE
PA2015,CORE
PA2016,CORE
PA2017,CORE
PA2018,CORE
PA2019,CORE
PA2020,CORE
PA2021,CORE
PA2022,CORE
PA2023,CORE
PA2024,CORE
PA2025,CORE
PA2026,CORE
PA2027,CORE
PA2028,CORE
PA2029,--
PA2030,CORE
PA2031,CORE
PA2032,CORE
PA2033,CORE
PA2034,CORE
PA2035,CORE
PA2036,--
PA2037,--
PA2038,CORE
PA2039,CORE
PA2040,CORE
PA2041,CORE
PA2042,CORE
PA2043,CORE
PA2044,CORE
PA2045,CORE
PA2046,--
PA2047,CORE
PA2048,CORE
PA2049,CORE
PA2050,CORE
PA2051,CORE
PA2052,CORE
PA2053,CORE
PA2054,CORE
PA2055,--
PA2056,CORE
PA2057,CORE
PA2058,CORE
PA2059,--
PA2060,--
PA2061,--
PA2062,CORE
PA2063,CORE
PA2064,CORE
PA2065,CORE
PA2066,CORE
PA2067,CORE
PA2068,CORE
PA2069,CORE
PA2070,--
PA2071,CORE
PA2072,CORE
PA2073,--
PA2074,--
PA2075,--
PA2076,CORE
PA2077,--
PA2078,--
PA2079,CORE
PA2080,CORE
PA2081,CORE
PA2082,CORE
PA2083,CORE
PA2084,CORE
PA2085,CORE
PA2086,CORE
PA2087,CORE
PA2088,CORE
PA2089,--
PA2090,CORE
PA2091,CORE
PA2092,--
PA2093,CORE
PA2094,CORE
PA2095,CORE
PA2096,CORE
PA2097,--
PA2098,CORE
PA2099,CORE
PA2100,--
PA2101,--
PA2102,--
PA2103,--
PA2104,--
PA2105,--
PA2106,--
PA2107,CORE
PA2108,CORE
PA2109,CORE
PA2110,CORE
PA2111,CORE
PA2112,CORE
PA2113,CORE
PA2114,CORE
PA2115,CORE
PA2116,CORE
PA2117,CORE
PA2118,CORE
PA2119,--
PA2120,CORE
PA2121,CORE
PA2122,CORE
PA2123,CORE
PA2124,CORE
PA2125,--
PA2126,CORE
PA2126.1,--
PA2127,CORE
PA2128,--
PA2129,CORE
PA2130,--
PA2131,CORE
PA2132,CORE
PA2133,CORE
PA2134,CORE
PA2135,CORE
PA2136,CORE
PA2137,CORE
PA2138,CORE
PA2139,--
PA2140,CORE
PA2141,--
PA2142,CORE
PA2143,CORE
PA2144,CORE
PA2145,CORE
PA2146,CORE
PA2147,CORE
PA2148,CORE
PA2149,CORE
PA2150,CORE
PA2151,CORE
PA2152,CORE
PA2153,CORE
PA2154,CORE
PA2155,CORE
PA2156,CORE
PA2157,CORE
PA2158,CORE
PA2159,CORE
PA2160,CORE
PA2161,CORE
PA2162,CORE
PA2163,CORE
PA2164,CORE
PA2165,CORE
PA2166,CORE
PA2167,CORE
PA2168,CORE
PA2169,CORE
PA2170,--
PA2171,CORE
PA2172,CORE
PA2173,CORE
PA2174,CORE
PA2175,--
PA2176,CORE
PA2177,CORE
PA2178,CORE
PA2179,--
PA2180,--
PA2181,--
PA2182,--
PA2183,--
PA2184,--
PA2185,--
PA2186,--
PA2187,CORE
PA2188,--
PA2189,CORE
PA2190,--
PA2191,--
PA2192,--
PA2193,CORE
PA2194,CORE
PA2195,CORE
PA2196,CORE
PA2197,CORE
PA2198,CORE
PA2199,CORE
PA2200,CORE
PA2201,--
PA2202,CORE
PA2203,CORE
PA2204,CORE
PA2205,CORE
PA2206,CORE
PA2207,CORE
PA2208,CORE
PA2209,CORE
PA2210,CORE
PA2211,CORE
PA2212,CORE
PA2213,--
PA2214,CORE
PA2215,CORE
PA2216,CORE
PA2217,--
PA2218,--
PA2219,--
PA2220,--
PA2221,--
PA2222,--
PA2223,--
PA2224,--
PA2225,--
PA2226,--
PA2227,--
PA2228,--
PA2229,--
PA2230,--
PA2231,CORE
PA2232,CORE
PA2233,CORE
PA2234,--
PA2235,CORE
PA2236,CORE
PA2237,CORE
PA2238,CORE
PA2239,CORE
PA2240,CORE
PA2241,CORE
PA2242,CORE
PA2243,CORE
PA2244,CORE
PA2245,--
PA2246,CORE
PA2247,CORE
PA2248,CORE
PA2249,CORE
PA2250,CORE
PA2251,CORE
PA2252,CORE
PA2253,CORE
PA2254,CORE
PA2255,CORE
PA2256,CORE
PA2257,CORE
PA2258,CORE
PA2259,CORE
PA2260,CORE
PA2261,CORE
PA2262,CORE
PA2263,CORE
PA2264,CORE
PA2265,CORE
PA2266,CORE
PA2267,CORE
PA2268,--
PA2269,CORE
PA2270,CORE
PA2271,CORE
PA2272,CORE
PA2273,CORE
PA2274,CORE
PA2275,CORE
PA2276,CORE
PA2277,CORE
PA2278,CORE
PA2279,CORE
PA2280,CORE
PA2281,CORE
PA2282,CORE
PA2283,--
PA2284,--
PA2285,CORE
PA2286,CORE
PA2287,CORE
PA2288,CORE
PA2289,CORE
PA2290,CORE
PA2291,CORE
PA2292,CORE
PA2293,--
PA2294,--
PA2295,--
PA2296,--
PA2297,CORE
PA2298,CORE
PA2299,CORE
PA2300,CORE
PA2301,CORE
PA2302,CORE
PA2303,CORE
PA2304,CORE
PA2305,--
PA2306,CORE
PA2307,CORE
PA2308,CORE
PA2309,CORE
PA2310,CORE
PA2311,CORE
PA2312,CORE
PA2313,--
PA2314,CORE
PA2315,CORE
PA2316,CORE
PA2317,CORE
PA2318,CORE
PA2319,--
PA2320,CORE
PA2321,CORE
PA2322,CORE
PA2323,CORE
PA2324,CORE
PA2325,--
PA2326,CORE
PA2327,CORE
PA2328,CORE
PA2329,CORE
PA2330,CORE
PA2331,CORE
PA2332,CORE
PA2333,--
PA2334,CORE
PA2335,--
PA2336,--
PA2337,CORE
PA2338,CORE
PA2339,CORE
PA2340,CORE
PA2341,CORE
PA2342,CORE
PA2343,CORE
PA2344,CORE
PA2345,CORE
PA2346,CORE
PA2347,CORE
PA2348,CORE
PA2349,CORE
PA2350,CORE
PA2351,CORE
PA2352,CORE
PA2353,CORE
PA2354,CORE
PA2355,CORE
PA2356,CORE
PA2357,CORE
PA2358,CORE
PA2359,CORE
PA2360,CORE
PA2361,CORE
PA2362,CORE
PA2363,CORE
PA2364,CORE
PA2365,CORE
PA2366,CORE
PA2367,CORE
PA2368,CORE
PA2369,CORE
PA2370,CORE
PA2371,CORE
PA2372,--
PA2373,--
PA2374,CORE
PA2375,CORE
PA2376,CORE
PA2377,CORE
PA2378,CORE
PA2379,CORE
PA2380,CORE
PA2381,CORE
PA2382,CORE
PA2383,CORE
PA2384,CORE
PA2385,CORE
PA2386,CORE
PA2387,--
PA2388,CORE
PA2389,CORE
PA2390,CORE
PA2391,CORE
PA2392,CORE
PA2393,CORE
PA2394,CORE
PA2395,CORE
PA2396,--
PA2397,--
PA2398,--
PA2399,--
PA2400,CORE
PA2402,CORE
PA2403,CORE
PA2404,CORE
PA2405,CORE
PA2406,CORE
PA2407,CORE
PA2408,CORE
PA2409,CORE
PA2410,CORE
PA2411,CORE
PA2412,CORE
PA2413,CORE
PA2414,CORE
PA2415,CORE
PA2416,--
PA2417,CORE
PA2418,CORE
PA2419,CORE
PA2420,CORE
PA2421,CORE
PA2422,--
PA2423,CORE
PA2424,CORE
PA2425,CORE
PA2426,CORE
PA2427,--
PA2428,CORE
PA2429,CORE
PA2430,CORE
PA2431,CORE
PA2432,CORE
PA2433,CORE
PA2434,CORE
PA2435,CORE
PA2436,CORE
PA2437,CORE
PA2438,--
PA2439,CORE
PA2440,CORE
PA2441,CORE
PA2442,CORE
PA2443,CORE
PA2444,CORE
PA2445,CORE
PA2446,CORE
PA2447,CORE
PA2448,CORE
PA2449,CORE
PA2450,CORE
PA2451,CORE
PA2452,CORE
PA2453,CORE
PA2454,CORE
PA2455,CORE
PA2456,--
PA2457,--
PA2458,--
PA2459,--
PA2460,--
PA2461,--
PA2462,CORE
PA2463,CORE
PA2464,CORE
PA2465,CORE
PA2466,CORE
PA2467,CORE
PA2468,CORE
PA2469,CORE
PA2470,CORE
PA2471,CORE
PA2472,CORE
PA2473,CORE
PA2474,CORE
PA2475,CORE
PA2476,CORE
PA2477,CORE
PA2478,CORE
PA2479,CORE
PA2480,CORE
PA2481,CORE
PA2482,CORE
PA2483,CORE
PA2484,CORE
PA2485,CORE
PA2486,CORE
PA2487,CORE
PA2488,CORE
PA2489,CORE
PA2490,CORE
PA2491,CORE
PA2492,CORE
PA2493,CORE
PA2494,CORE
PA2495,CORE
PA2496,CORE
PA2497,CORE
PA2498,CORE
PA2499,CORE
PA2500,CORE
PA2501,CORE
PA2502,CORE
PA2503,CORE
PA2504,CORE
PA2505,CORE
PA2506,CORE
PA2507,CORE
PA2508,CORE
PA2509,CORE
PA2510,CORE
PA2511,CORE
PA2512,CORE
PA2513,CORE
PA2514,CORE
PA2515,CORE
PA2516,CORE
PA2517,CORE
PA2518,CORE
PA2519,CORE
PA2520,CORE
PA2521,--
PA2522,CORE
PA2523,CORE
PA2524,CORE
PA2525,CORE
PA2526,CORE
PA2527,CORE
PA2528,CORE
PA2529,CORE
PA2530,CORE
PA2531,CORE
PA2532,CORE
PA2533,CORE
PA2534,CORE
PA2535,CORE
PA2536,CORE
PA2537,CORE
PA2538,CORE
PA2539,CORE
PA2540,CORE
PA2541,CORE
PA2542,CORE
PA2543,CORE
PA2544,CORE
PA2545,CORE
PA2546,CORE
PA2547,CORE
PA2548,CORE
PA2549,CORE
PA2550,CORE
PA2551,CORE
PA2552,CORE
PA2553,CORE
PA2554,CORE
PA2555,CORE
PA2556,CORE
PA2557,CORE
PA2558,CORE
PA2559,CORE
PA2559.1,CORE
PA2560,CORE
PA2561,CORE
PA2562,CORE
PA2563,CORE
PA2564,--
PA2565,--
PA2566,--
PA2566.1,--
PA2567,CORE
PA2568,CORE
PA2569,CORE
PA2570,CORE
PA2571,CORE
PA2572,CORE
PA2573,CORE
PA2574,CORE
PA2575,CORE
PA2576,CORE
PA2577,CORE
PA2578,CORE
PA2579,CORE
PA2580,CORE
PA2581,CORE
PA2582,CORE
PA2583,CORE
PA2584,CORE
PA2585,CORE
PA2586,CORE
PA2587,CORE
PA2588,CORE
PA2589,CORE
PA2590,CORE
PA2591,CORE
PA2592,CORE
PA2593,CORE
PA2594,CORE
PA2595,--
PA2596,CORE
PA2597,CORE
PA2598,CORE
PA2599,CORE
PA2600,CORE
PA2601,CORE
PA2602,CORE
PA2603,CORE
PA2604,CORE
PA2605,CORE
PA2606,CORE
PA2607,CORE
PA2608,CORE
PA2609,CORE
PA2610,CORE
PA2611,CORE
PA2612,CORE
PA2613,CORE
PA2614,CORE
PA2615,CORE
PA2616,CORE
PA2617,CORE
PA2618,CORE
PA2619,CORE
PA2620,CORE
PA2621,CORE
PA2622,CORE
PA2623,CORE
PA2624,CORE
PA2625,CORE
PA2626,CORE
PA2627,CORE
PA2628,CORE
PA2629,CORE
PA2630,CORE
PA2631,CORE
PA2632,CORE
PA2633,CORE
PA2634,CORE
PA2635,CORE
PA2636,CORE
PA2637,CORE
PA2638,CORE
PA2639,CORE
PA2640,CORE
PA2641,CORE
PA2642,CORE
PA2643,CORE
PA2644,CORE
PA2645,CORE
PA2646,CORE
PA2647,CORE
PA2648,CORE
PA2649,CORE
PA2650,CORE
PA2651,CORE
PA2652,CORE
PA2653,CORE
PA2654,CORE
PA2655,CORE
PA2656,CORE
PA2657,CORE
PA2658,CORE
PA2659,CORE
PA2660,CORE
PA2661,CORE
PA2662,CORE
PA2663,CORE
PA2664,CORE
PA2665,CORE
PA2666,CORE
PA2667,CORE
PA2668,CORE
PA2669,CORE
PA2670,CORE
PA2671,CORE
PA2672,CORE
PA2673,CORE
PA2674,CORE
PA2675,CORE
PA2676,CORE
PA2677,CORE
PA2678,CORE
PA2679,CORE
PA2680,CORE
PA2681,CORE
PA2682,--
PA2683,CORE
PA2683.1,--
PA2684,CORE
PA2685,CORE
PA2686,CORE
PA2687,CORE
PA2688,CORE
PA2689,CORE
PA2690,--
PA2691,CORE
PA2692,CORE
PA2693,CORE
PA2694,CORE
PA2695,CORE
PA2696,CORE
PA2697,CORE
PA2698,CORE
PA2699,CORE
PA2700,CORE
PA2701,CORE
PA2702,CORE
PA2703,CORE
PA2704,CORE
PA2705,CORE
PA2706,CORE
PA2707,CORE
PA2708,CORE
PA2709,CORE
PA2710,CORE
PA2711,CORE
PA2712,CORE
PA2713,CORE
PA2714,CORE
PA2715,CORE
PA2716,CORE
PA2717,CORE
PA2718,CORE
PA2719,CORE
PA2720,CORE
PA2721,CORE
PA2722,CORE
PA2723,CORE
PA2724,CORE
PA2725,CORE
PA2726,CORE
PA2727,CORE
PA2728,CORE
PA2729,CORE
PA2730,--
PA2731,--
PA2732,--
PA2733,--
PA2734,--
PA2735,--
PA2736,--
PA2737,CORE
PA2738,CORE
PA2739,CORE
PA2740,CORE
PA2741,CORE
PA2742,CORE
PA2743,CORE
PA2744,CORE
PA2745,CORE
PA2746,CORE
PA2747,CORE
PA2748,CORE
PA2749,CORE
PA2750,CORE
PA2751,CORE
PA2752,CORE
PA2753,CORE
PA2754,CORE
PA2755,CORE
PA2756,CORE
PA2757,CORE
PA2758,CORE
PA2759,CORE
PA2760,CORE
PA2761,CORE
PA2762,CORE
PA2763,CORE
PA2764,CORE
PA2765,CORE
PA2766,CORE
PA2767,--
PA2768,CORE
PA2769,CORE
PA2770,CORE
PA2771,CORE
PA2772,--
PA2773,CORE
PA2774,CORE
PA2775,CORE
PA2776,CORE
PA2777,CORE
PA2778,CORE
PA2779,CORE
PA2780,CORE
PA2781,--
PA2782,CORE
PA2783,CORE
PA2784,CORE
PA2785,--
PA2786,CORE
PA2787,CORE
PA2788,CORE
PA2789,CORE
PA2790,CORE
PA2791,--
PA2792,CORE
PA2793,CORE
PA2794,--
PA2795,CORE
PA2796,CORE
PA2797,CORE
PA2798,CORE
PA2799,CORE
PA2800,CORE
PA2801,CORE
PA2802,CORE
PA2803,CORE
PA2804,CORE
PA2805,CORE
PA2806,CORE
PA2807,CORE
PA2808,CORE
PA2809,CORE
PA2810,CORE
PA2811,CORE
PA2812,CORE
PA2813,CORE
PA2814,CORE
PA2815,CORE
PA2816,CORE
PA2817,CORE
PA2818,--
PA2819,--
PA2820,CORE
PA2821,CORE
PA2822,CORE
PA2823,CORE
PA2824,CORE
PA2825,CORE
PA2826,CORE
PA2827,CORE
PA2828,CORE
PA2829,CORE
PA2830,CORE
PA2831,CORE
PA2832,CORE
PA2833,CORE
PA2834,CORE
PA2835,CORE
PA2836,CORE
PA2837,CORE
PA2838,CORE
PA2839,CORE
PA2840,CORE
PA2841,CORE
PA2842,CORE
PA2843,CORE
PA2844,CORE
PA2845,CORE
PA2846,CORE
PA2847,CORE
PA2848,CORE
PA2849,CORE
PA2850,CORE
PA2851,CORE
PA2852,CORE
PA2853,CORE
PA2854,CORE
PA2855,CORE
PA2856,CORE
PA2857,CORE
PA2858,CORE
PA2859,CORE
PA2860,CORE
PA2861,CORE
PA2862,CORE
PA2863,CORE
PA2864,CORE
PA2865,CORE
PA2866,CORE
PA2867,CORE
PA2868,CORE
PA2869,CORE
PA2870,CORE
PA2871,CORE
PA2872,CORE
PA2873,CORE
PA2874,CORE
PA2875,CORE
PA2876,CORE
PA2877,CORE
PA2878,CORE
PA2879,CORE
PA2880,CORE
PA2881,CORE
PA2882,CORE
PA2883,CORE
PA2884,CORE
PA2885,CORE
PA2886,CORE
PA2887,CORE
PA2888,CORE
PA2889,CORE
PA2890,CORE
PA2891,CORE
PA2892,CORE
PA2893,CORE
PA2894,CORE
PA2895,CORE
PA2896,CORE
PA2897,CORE
PA2898,CORE
PA2899,CORE
PA2900,CORE
PA2901,CORE
PA2902,CORE
PA2903,CORE
PA2904,CORE
PA2905,CORE
PA2906,CORE
PA2907,CORE
PA2908,CORE
PA2909,CORE
PA2910,CORE
PA2911,CORE
PA2912,CORE
PA2913,CORE
PA2914,CORE
PA2915,CORE
PA2916,CORE
PA2917,CORE
PA2918,CORE
PA2919,CORE
PA2920,CORE
PA2921,CORE
PA2922,CORE
PA2923,CORE
PA2924,CORE
PA2925,CORE
PA2926,CORE
PA2927,CORE
PA2928,CORE
PA2929,CORE
PA2930,CORE
PA2931,CORE
PA2932,CORE
PA2933,CORE
PA2934,CORE
PA2935,CORE
PA2936,CORE
PA2937,CORE
PA2938,CORE
PA2939,CORE
PA2940,CORE
PA2941,CORE
PA2942,CORE
PA2943,CORE
PA2944,CORE
PA2945,CORE
PA2946,CORE
PA2947,CORE
PA2948,CORE
PA2949,CORE
PA2950,CORE
PA2951,CORE
PA2952,CORE
PA2953,CORE
PA2954,CORE
PA2955,CORE
PA2956,CORE
PA2957,CORE
PA2958,CORE
PA2959,CORE
PA2960,CORE
PA2961,CORE
PA2962,CORE
PA2963,CORE
PA2964,CORE
PA2965,CORE
PA2966,CORE
PA2967,CORE
PA2968,CORE
PA2969,CORE
PA2970,CORE
PA2971,CORE
PA2972,CORE
PA2973,CORE
PA2974,CORE
PA2975,CORE
PA2976,CORE
PA2977,CORE
PA2978,CORE
PA2979,CORE
PA2980,CORE
PA2981,CORE
PA2982,CORE
PA2983,CORE
PA2984,CORE
PA2985,CORE
PA2986,CORE
PA2987,CORE
PA2988,CORE
PA2989,CORE
PA2990,CORE
PA2991,CORE
PA2992,CORE
PA2993,CORE
PA2994,CORE
PA2995,CORE
PA2996,CORE
PA2997,CORE
PA2998,CORE
PA2999,CORE
PA3000,CORE
PA3001,CORE
PA3002,CORE
PA3003,CORE
PA3004,CORE
PA3005,CORE
PA3006,CORE
PA3007,CORE
PA3008,CORE
PA3009,CORE
PA3010,CORE
PA3011,CORE
PA3012,CORE
PA3013,CORE
PA3014,CORE
PA3015,CORE
PA3016,CORE
PA3017,CORE
PA3018,CORE
PA3019,CORE
PA3020,CORE
PA3021,CORE
PA3022,CORE
PA3023,CORE
PA3024,CORE
PA3025,CORE
PA3026,CORE
PA3027,CORE
PA3028,CORE
PA3029,CORE
PA3030,CORE
PA3031,CORE
PA3032,CORE
PA3033,CORE
PA3034,CORE
PA3035,CORE
PA3036,CORE
PA3037,CORE
PA3038,CORE
PA3039,CORE
PA3040,CORE
PA3041,CORE
PA3042,CORE
PA3043,CORE
PA3044,CORE
PA3045,CORE
PA3046,CORE
PA3047,CORE
PA3048,CORE
PA3049,CORE
PA3050,CORE
PA3051,CORE
PA3052,CORE
PA3053,CORE
PA3054,CORE
PA3055,CORE
PA3056,CORE
PA3057,CORE
PA3058,CORE
PA3059,CORE
PA3060,CORE
PA3061,CORE
PA3062,CORE
PA3063,--
PA3064,CORE
PA3065,CORE
PA3066,CORE
PA3067,CORE
PA3068,CORE
PA3069,CORE
PA3070,CORE
PA3071,CORE
PA3072,CORE
PA3073,CORE
PA3074,CORE
PA3075,CORE
PA3076,CORE
PA3077,CORE
PA3078,CORE
PA3079,CORE
PA3080,CORE
PA3081,CORE
PA3082,CORE
PA3083,CORE
PA3084,CORE
PA3085,CORE
PA3086,CORE
PA3087,CORE
PA3088,CORE
PA3089,CORE
PA3090,--
PA3091,CORE
PA3092,CORE
PA3093,CORE
PA3094,CORE
PA3095,CORE
PA3096,CORE
PA3097,CORE
PA3098,CORE
PA3099,CORE
PA3100,CORE
PA3101,CORE
PA3102,CORE
PA3103,CORE
PA3104,CORE
PA3105,CORE
PA3106,CORE
PA3107,CORE
PA3108,CORE
PA3109,CORE
PA3110,CORE
PA3111,CORE
PA3112,CORE
PA3113,CORE
PA3114,CORE
PA3115,CORE
PA3116,CORE
PA3117,CORE
PA3118,CORE
PA3119,CORE
PA3120,CORE
PA3121,CORE
PA3122,CORE
PA3123,CORE
PA3124,CORE
PA3125,CORE
PA3126,CORE
PA3127,CORE
PA3128,CORE
PA3129,CORE
PA3130,CORE
PA3131,CORE
PA3132,CORE
PA3133,CORE
PA3134,CORE
PA3135,CORE
PA3136,CORE
PA3137,CORE
PA3138,CORE
PA3139,CORE
PA3140,CORE
PA3141,CORE
PA3142,--
PA3143,--
PA3144,--
PA3145,--
PA3146,--
PA3147,--
PA3148,--
PA3149,--
PA3150,--
PA3151,--
PA3152,--
PA3153,--
PA3154,--
PA3155,--
PA3156,--
PA3157,--
PA3158,--
PA3159,--
PA3160,--
PA3161,CORE
PA3162,CORE
PA3163,CORE
PA3165,CORE
PA3166,CORE
PA3167,CORE
PA3168,CORE
PA3169,CORE
PA3170,CORE
PA3171,CORE
PA3172,CORE
PA3173,CORE
PA3174,CORE
PA3175,--
PA3176,CORE
PA3177,CORE
PA3178,CORE
PA3179,CORE
PA3180,CORE
PA3181,CORE
PA3182,CORE
PA3183,CORE
PA3184,CORE
PA3185,CORE
PA3186,CORE
PA3187,CORE
PA3188,CORE
PA3189,CORE
PA3190,CORE
PA3191,CORE
PA3192,CORE
PA3193,CORE
PA3194,CORE
PA3195,CORE
PA3196,CORE
PA3197,CORE
PA3198,CORE
PA3199,CORE
PA3200,CORE
PA3201,CORE
PA3202,CORE
PA3203,CORE
PA3204,CORE
PA3205,CORE
PA3206,CORE
PA3207,CORE
PA3208,CORE
PA3209,CORE
PA3210,CORE
PA3211,CORE
PA3212,CORE
PA3213,CORE
PA3214,CORE
PA3215,CORE
PA3216,CORE
PA3217,CORE
PA3218,--
PA3219,CORE
PA3220,CORE
PA3221,CORE
PA3222,CORE
PA3223,CORE
PA3224,CORE
PA3225,CORE
PA3226,CORE
PA3227,CORE
PA3228,CORE
PA3229,CORE
PA3230,CORE
PA3231,CORE
PA3232,CORE
PA3233,CORE
PA3234,CORE
PA3235,CORE
PA3236,CORE
PA3237,CORE
PA3238,CORE
PA3239,CORE
PA3240,CORE
PA3241,CORE
PA3242,CORE
PA3243,CORE
PA3244,CORE
PA3245,CORE
PA3246,CORE
PA3247,CORE
PA3248,CORE
PA3249,CORE
PA3250,CORE
PA3251,CORE
PA3252,CORE
PA3253,CORE
PA3254,CORE
PA3255,CORE
PA3256,CORE
PA3257,CORE
PA3258,CORE
PA3259,CORE
PA3259.1,CORE
PA3260,CORE
PA3261,CORE
PA3262,CORE
PA3263,CORE
PA3264,CORE
PA3265,CORE
PA3266,CORE
PA3267,CORE
PA3268,CORE
PA3269,CORE
PA3270,CORE
PA3271,CORE
PA3272,CORE
PA3273,CORE
PA3274,CORE
PA3275,CORE
PA3276,CORE
PA3277,CORE
PA3278,CORE
PA3279,CORE
PA3280,CORE
PA3281,CORE
PA3282,CORE
PA3283,CORE
PA3284,CORE
PA3285,CORE
PA3286,CORE
PA3287,CORE
PA3288,CORE
PA3289,CORE
PA3290,CORE
PA3291,--
PA3292,--
PA3293,CORE
PA3294,CORE
PA3295,CORE
PA3296,CORE
PA3297,CORE
PA3298,--
PA3299,CORE
PA3300,CORE
PA3301,CORE
PA3302,CORE
PA3303,CORE
PA3304,CORE
PA3305,CORE
PA3306,CORE
PA3307,CORE
PA3308,CORE
PA3309,CORE
PA3310,CORE
PA3311,CORE
PA3312,CORE
PA3313,CORE
PA3314,CORE
PA3315,CORE
PA3316,CORE
PA3317,CORE
PA3318,CORE
PA3319,CORE
PA3320,CORE
PA3321,CORE
PA3322,CORE
PA3323,CORE
PA3324,CORE
PA3325,CORE
PA3326,CORE
PA3327,CORE
PA3328,CORE
PA3329,CORE
PA3330,CORE
PA3331,CORE
PA3332,CORE
PA3333,CORE
PA3334,CORE
PA3335,CORE
PA3336,CORE
PA3337,CORE
PA3338,CORE
PA3339,CORE
PA3340,CORE
PA3341,CORE
PA3342,CORE
PA3343,CORE
PA3344,CORE
PA3345,CORE
PA3346,CORE
PA3347,CORE
PA3348,CORE
PA3349,CORE
PA3350,CORE
PA3351,CORE
PA3352,CORE
PA3353,CORE
PA3354,CORE
PA3355,CORE
PA3356,CORE
PA3357,CORE
PA3358,CORE
PA3359,CORE
PA3360,CORE
PA3361,CORE
PA3362,CORE
PA3363,CORE
PA3364,CORE
PA3365,CORE
PA3366,CORE
PA3367,--
PA3368,CORE
PA3369,CORE
PA3370,CORE
PA3371,CORE
PA3372,CORE
PA3373,CORE
PA3374,CORE
PA3375,CORE
PA3376,CORE
PA3377,CORE
PA3378,CORE
PA3379,CORE
PA3380,CORE
PA3381,CORE
PA3382,CORE
PA3383,CORE
PA3384,CORE
PA3385,CORE
PA3386,CORE
PA3387,CORE
PA3388,CORE
PA3389,CORE
PA3390,CORE
PA3391,CORE
PA3392,CORE
PA3393,CORE
PA3394,CORE
PA3395,CORE
PA3396,CORE
PA3397,CORE
PA3398,CORE
PA3399,CORE
PA3400,CORE
PA3401,CORE
PA3402,CORE
PA3403,CORE
PA3404,CORE
PA3405,--
PA3406,--
PA3407,CORE
PA3408,CORE
PA3409,CORE
PA3410,CORE
PA3411,CORE
PA3412,CORE
PA3413,CORE
PA3414,CORE
PA3415,CORE
PA3416,CORE
PA3417,CORE
PA3418,CORE
PA3419,CORE
PA3420,CORE
PA3421,CORE
PA3422,CORE
PA3423,CORE
PA3424,CORE
PA3425,CORE
PA3426,CORE
PA3427,CORE
PA3428,CORE
PA3429,CORE
PA3430,CORE
PA3431,CORE
PA3432,CORE
PA3433,CORE
PA3434,--
PA3435,CORE
PA3436,CORE
PA3437,CORE
PA3438,CORE
PA3439,CORE
PA3440,CORE
PA3440.1,--
PA3441,CORE
PA3442,CORE
PA3443,CORE
PA3444,CORE
PA3445,CORE
PA3446,CORE
PA3447,CORE
PA3448,CORE
PA3449,CORE
PA3450,CORE
PA3451,CORE
PA3452,CORE
PA3453,CORE
PA3454,CORE
PA3455,CORE
PA3456,CORE
PA3457,CORE
PA3458,CORE
PA3459,CORE
PA3460,CORE
PA3461,CORE
PA3462,CORE
PA3463,CORE
PA3464,CORE
PA3465,CORE
PA3466,CORE
PA3467,CORE
PA3468,CORE
PA3469,CORE
PA3470,CORE
PA3471,CORE
PA3472,CORE
PA3473,CORE
PA3474,CORE
PA3475,CORE
PA3476,CORE
PA3477,CORE
PA3478,CORE
PA3479,CORE
PA3480,CORE
PA3481,CORE
PA3482,CORE
PA3483,CORE
PA3484,CORE
PA3485,CORE
PA3486,--
PA3487,--
PA3488,--
PA3489,CORE
PA3490,CORE
PA3491,CORE
PA3492,CORE
PA3493,CORE
PA3494,CORE
PA3495,CORE
PA3496,CORE
PA3497,--
PA3498,--
PA3499,--
PA3500,--
PA3501,--
PA3502,--
PA3503,--
PA3504,--
PA3505,--
PA3506,--
PA3507,--
PA3508,--
PA3509,--
PA3510,--
PA3511,--
PA3512,--
PA3513,--
PA3514,--
PA3515,CORE
PA3516,CORE
PA3517,CORE
PA3518,CORE
PA3519,CORE
PA3520,CORE
PA3521,CORE
PA3522,CORE
PA3523,CORE
PA3524,CORE
PA3525,CORE
PA3526,CORE
PA3527,CORE
PA3528,CORE
PA3529,CORE
PA3530,CORE
PA3531,CORE
PA3532,CORE
PA3533,CORE
PA3534,CORE
PA3535,CORE
PA3536,CORE
PA3537,CORE
PA3538,CORE
PA3539,CORE
PA3540,CORE
PA3541,CORE
PA3542,CORE
PA3543,CORE
PA3544,CORE
PA3545,CORE
PA3546,CORE
PA3547,CORE
PA3548,CORE
PA3549,CORE
PA3550,CORE
PA3551,CORE
PA3552,CORE
PA3553,CORE
PA3554,CORE
PA3555,CORE
PA3556,CORE
PA3557,CORE
PA3558,CORE
PA3559,CORE
PA3560,CORE
PA3561,CORE
PA3562,CORE
PA3563,CORE
PA3564,CORE
PA3565,CORE
PA3566,CORE
PA3567,CORE
PA3568,CORE
PA3569,CORE
PA3570,CORE
PA3571,CORE
PA3572,CORE
PA3573,CORE
PA3574,CORE
PA3574.1,CORE
PA3575,CORE
PA3576,CORE
PA3577,--
PA3578,CORE
PA3579,CORE
PA3580,CORE
PA3581,CORE
PA3582,CORE
PA3583,CORE
PA3584,CORE
PA3585,CORE
PA3586,CORE
PA3587,CORE
PA3588,CORE
PA3589,CORE
PA3590,CORE
PA3591,CORE
PA3592,CORE
PA3593,CORE
PA3594,CORE
PA3595,CORE
PA3596,CORE
PA3597,CORE
PA3598,CORE
PA3599,CORE
PA3600,CORE
PA3601,CORE
PA3602,CORE
PA3603,CORE
PA3604,CORE
PA3605,CORE
PA3606,CORE
PA3607,CORE
PA3608,CORE
PA3609,CORE
PA3610,CORE
PA3611,CORE
PA3612,CORE
PA3613,CORE
PA3614,CORE
PA3615,CORE
PA3616,CORE
PA3617,CORE
PA3618,CORE
PA3619,CORE
PA3620,CORE
PA3621,CORE
PA3622,CORE
PA3623,CORE
PA3624,CORE
PA3625,CORE
PA3626,CORE
PA3627,CORE
PA3628,CORE
PA3629,CORE
PA3630,CORE
PA3631,CORE
PA3632,CORE
PA3633,CORE
PA3634,CORE
PA3635,CORE
PA3636,CORE
PA3637,CORE
PA3638,CORE
PA3639,CORE
PA3640,CORE
PA3641,CORE
PA3642,CORE
PA3643,CORE
PA3644,CORE
PA3645,CORE
PA3646,CORE
PA3647,CORE
PA3648,CORE
PA3649,CORE
PA3650,CORE
PA3651,CORE
PA3652,CORE
PA3653,CORE
PA3654,CORE
PA3655,CORE
PA3656,CORE
PA3657,CORE
PA3658,CORE
PA3659,CORE
PA3660,CORE
PA3661,CORE
PA3662,CORE
PA3663,CORE
PA3664,CORE
PA3665,CORE
PA3666,CORE
PA3667,CORE
PA3668,CORE
PA3669,CORE
PA3670,CORE
PA3671,CORE
PA3672,CORE
PA3673,CORE
PA3674,CORE
PA3675,CORE
PA3676,CORE
PA3677,CORE
PA3678,CORE
PA3679,CORE
PA3680,CORE
PA3681,CORE
PA3682,CORE
PA3683,CORE
PA3684,CORE
PA3685,CORE
PA3686,CORE
PA3687,CORE
PA3688,CORE
PA3689,CORE
PA3690,CORE
PA3691,CORE
PA3692,CORE
PA3693,CORE
PA3694,CORE
PA3695,CORE
PA3696,CORE
PA3697,CORE
PA3698,CORE
PA3699,CORE
PA3700,CORE
PA3702,CORE
PA3703,CORE
PA3704,CORE
PA3705,CORE
PA3706,CORE
PA3707,CORE
PA3708,CORE
PA3709,CORE
PA3710,CORE
PA3711,CORE
PA3712,CORE
PA3713,CORE
PA3714,CORE
PA3715,CORE
PA3716,CORE
PA3717,CORE
PA3718,CORE
PA3719,CORE
PA3720,CORE
PA3721,CORE
PA3722,CORE
PA3723,CORE
PA3724,CORE
PA3725,CORE
PA3726,CORE
PA3727,CORE
PA3728,CORE
PA3729,CORE
PA3730,CORE
PA3731,CORE
PA3732,CORE
PA3733,CORE
PA3734,CORE
PA3735,CORE
PA3736,CORE
PA3737,CORE
PA3738,CORE
PA3739,CORE
PA3740,CORE
PA3741,CORE
PA3742,CORE
PA3743,CORE
PA3744,CORE
PA3745,CORE
PA3746,CORE
PA3747,CORE
PA3748,CORE
PA3749,CORE
PA3750,CORE
PA3751,CORE
PA3752,CORE
PA3753,CORE
PA3754,CORE
PA3755,CORE
PA3756,CORE
PA3757,CORE
PA3758,CORE
PA3759,CORE
PA3760,CORE
PA3761,CORE
PA3762,CORE
PA3763,CORE
PA3764,CORE
PA3765,CORE
PA3766,CORE
PA3767,CORE
PA3768,CORE
PA3769,CORE
PA3770,CORE
PA3771,CORE
PA3772,CORE
PA3773,CORE
PA3774,CORE
PA3775,CORE
PA3776,CORE
PA3777,CORE
PA3778,CORE
PA3779,CORE
PA3780,CORE
PA3781,CORE
PA3782,CORE
PA3783,CORE
PA3784,CORE
PA3785,CORE
PA3786,CORE
PA3787,CORE
PA3788,CORE
PA3789,CORE
PA3790,CORE
PA3791,CORE
PA3792,CORE
PA3793,CORE
PA3794,CORE
PA3795,CORE
PA3796,CORE
PA3797,CORE
PA3798,CORE
PA3799,CORE
PA3800,CORE
PA3801,CORE
PA3802,CORE
PA3803,CORE
PA3804,CORE
PA3805,CORE
PA3806,CORE
PA3807,CORE
PA3808,CORE
PA3809,CORE
PA3810,CORE
PA3811,CORE
PA3812,CORE
PA3813,CORE
PA3814,CORE
PA3815,CORE
PA3816,CORE
PA3817,CORE
PA3818,CORE
PA3819,CORE
PA3820,CORE
PA3821,CORE
PA3822,CORE
PA3823,CORE
PA3824,CORE
PA3825,CORE
PA3826,CORE
PA3827,CORE
PA3828,CORE
PA3829,CORE
PA3830,CORE
PA3831,CORE
PA3832,CORE
PA3833,CORE
PA3834,CORE
PA3835,--
PA3836,CORE
PA3837,CORE
PA3838,CORE
PA3839,CORE
PA3840,CORE
PA3841,CORE
PA3842,CORE
PA3843,--
PA3844,CORE
PA3845,CORE
PA3846,CORE
PA3847,CORE
PA3848,CORE
PA3849,CORE
PA3850,CORE
PA3851,CORE
PA3852,CORE
PA3853,CORE
PA3854,CORE
PA3855,CORE
PA3856,CORE
PA3857,CORE
PA3858,CORE
PA3859,CORE
PA3860,CORE
PA3861,CORE
PA3862,CORE
PA3863,CORE
PA3864,CORE
PA3865,CORE
PA3865.1,--
PA3866,--
PA3867,--
PA3868,--
PA3869,--
PA3870,CORE
PA3871,CORE
PA3872,CORE
PA3873,CORE
PA3874,CORE
PA3875,CORE
PA3876,CORE
PA3877,CORE
PA3878,CORE
PA3879,CORE
PA3880,CORE
PA3881,CORE
PA3882,CORE
PA3883,CORE
PA3884,CORE
PA3885,CORE
PA3886,CORE
PA3887,CORE
PA3888,CORE
PA3889,CORE
PA3890,CORE
PA3891,CORE
PA3892,CORE
PA3893,CORE
PA3894,CORE
PA3895,CORE
PA3896,CORE
PA3897,CORE
PA3898,CORE
PA3899,CORE
PA3900,CORE
PA3901,CORE
PA3902,CORE
PA3903,CORE
PA3904,CORE
PA3905,CORE
PA3906,CORE
PA3907,CORE
PA3908,CORE
PA3909,CORE
PA3910,CORE
PA3911,CORE
PA3912,CORE
PA3913,CORE
PA3914,CORE
PA3915,CORE
PA3916,CORE
PA3917,CORE
PA3918,CORE
PA3919,CORE
PA3920,CORE
PA3921,CORE
PA3922,CORE
PA3923,CORE
PA3924,CORE
PA3925,CORE
PA3926,CORE
PA3927,CORE
PA3928,CORE
PA3929,CORE
PA3930,CORE
PA3931,CORE
PA3932,CORE
PA3933,CORE
PA3934,CORE
PA3935,CORE
PA3936,CORE
PA3937,CORE
PA3938,CORE
PA3939,--
PA3940,CORE
PA3941,CORE
PA3942,CORE
PA3943,CORE
PA3944,CORE
PA3945,CORE
PA3946,CORE
PA3947,CORE
PA3948,CORE
PA3949,CORE
PA3950,CORE
PA3951,CORE
PA3952,CORE
PA3953,CORE
PA3954,CORE
PA3955,CORE
PA3956,CORE
PA3957,CORE
PA3958,CORE
PA3959,CORE
PA3960,CORE
PA3961,CORE
PA3962,CORE
PA3963,CORE
PA3964,--
PA3965,CORE
PA3966,CORE
PA3967,CORE
PA3968,CORE
PA3969,CORE
PA3970,CORE
PA3971,CORE
PA3972,CORE
PA3973,CORE
PA3974,CORE
PA3975,CORE
PA3976,CORE
PA3977,CORE
PA3978,CORE
PA3979,CORE
PA3980,CORE
PA3981,CORE
PA3982,CORE
PA3983,CORE
PA3984,CORE
PA3985,CORE
PA3986,CORE
PA3987,CORE
PA3988,CORE
PA3989,CORE
PA3990,CORE
PA3991,--
PA3992,CORE
PA3993,--
PA3994,--
PA3995,CORE
PA3996,CORE
PA3997,CORE
PA3998,CORE
PA3999,CORE
PA4000,CORE
PA4001,CORE
PA4002,CORE
PA4003,CORE
PA4004,CORE
PA4005,CORE
PA4006,CORE
PA4007,CORE
PA4008,CORE
PA4009,CORE
PA4010,CORE
PA4011,CORE
PA4012,CORE
PA4013,CORE
PA4014,CORE
PA4015,CORE
PA4016,CORE
PA4017,CORE
PA4018,CORE
PA4019,CORE
PA4020,CORE
PA4021,CORE
PA4022,CORE
PA4023,CORE
PA4024,CORE
PA4025,CORE
PA4026,CORE
PA4027,CORE
PA4028,--
PA4029,CORE
PA4030,CORE
PA4031,CORE
PA4032,CORE
PA4033,CORE
PA4034,CORE
PA4035,CORE
PA4036,CORE
PA4037,CORE
PA4038,CORE
PA4039,CORE
PA4040,CORE
PA4041,CORE
PA4042,CORE
PA4043,CORE
PA4044,CORE
PA4045,CORE
PA4046,CORE
PA4047,CORE
PA4048,CORE
PA4049,CORE
PA4050,CORE
PA4051,CORE
PA4052,CORE
PA4053,CORE
PA4054,CORE
PA4055,CORE
PA4056,CORE
PA4057,CORE
PA4058,CORE
PA4059,--
PA4060,CORE
PA4061,CORE
PA4062,CORE
PA4063,CORE
PA4064,CORE
PA4065,CORE
PA4066,CORE
PA4067,CORE
PA4068,CORE
PA4069,CORE
PA4070,CORE
PA4071,CORE
PA4072,CORE
PA4073,CORE
PA4074,--
PA4075,--
PA4076,CORE
PA4077,CORE
PA4078,--
PA4079,CORE
PA4080,CORE
PA4081,--
PA4082,CORE
PA4083,CORE
PA4084,CORE
PA4085,--
PA4086,CORE
PA4087,CORE
PA4088,CORE
PA4089,CORE
PA4090,CORE
PA4091,CORE
PA4092,CORE
PA4093,CORE
PA4094,CORE
PA4095,CORE
PA4096,CORE
PA4097,CORE
PA4098,CORE
PA4099,CORE
PA4100,CORE
PA4101,--
PA4102,--
PA4103,--
PA4104,--
PA4105,--
PA4106,--
PA4107,--
PA4108,CORE
PA4109,CORE
PA4110,CORE
PA4111,CORE
PA4112,CORE
PA4113,CORE
PA4114,CORE
PA4115,CORE
PA4116,CORE
PA4117,CORE
PA4118,CORE
PA4119,CORE
PA4120,CORE
PA4121,CORE
PA4122,CORE
PA4123,CORE
PA4124,CORE
PA4125,CORE
PA4126,CORE
PA4127,CORE
PA4128,CORE
PA4129,CORE
PA4130,CORE
PA4131,CORE
PA4132,CORE
PA4133,CORE
PA4134,CORE
PA4135,CORE
PA4136,CORE
PA4137,CORE
PA4138,CORE
PA4139,CORE
PA4140,CORE
PA4141,CORE
PA4142,CORE
PA4143,CORE
PA4144,--
PA4145,CORE
PA4146,--
PA4147,CORE
PA4148,--
PA4149,CORE
PA4150,CORE
PA4151,--
PA4152,CORE
PA4153,CORE
PA4154,CORE
PA4155,CORE
PA4156,CORE
PA4157,CORE
PA4158,CORE
PA4159,CORE
PA4160,CORE
PA4161,CORE
PA4162,CORE
PA4163,CORE
PA4164,--
PA4165,CORE
PA4166,CORE
PA4167,CORE
PA4168,CORE
PA4169,CORE
PA4170,CORE
PA4171,CORE
PA4172,CORE
PA4173,--
PA4174,CORE
PA4175,CORE
PA4176,CORE
PA4177,CORE
PA4178,CORE
PA4179,CORE
PA4180,CORE
PA4181,CORE
PA4182,CORE
PA4183,CORE
PA4184,CORE
PA4185,CORE
PA4186,--
PA4187,CORE
PA4188,CORE
PA4189,--
PA4190,CORE
PA4191,--
PA4192,--
PA4193,--
PA4194,--
PA4195,CORE
PA4196,CORE
PA4197,CORE
PA4198,CORE
PA4199,CORE
PA4200,CORE
PA4201,CORE
PA4202,CORE
PA4203,CORE
PA4204,CORE
PA4205,CORE
PA4206,CORE
PA4207,CORE
PA4208,CORE
PA4209,CORE
PA4210,CORE
PA4211,CORE
PA4212,CORE
PA4213,--
PA4214,--
PA4215,--
PA4216,CORE
PA4217,CORE
PA4218,CORE
PA4219,CORE
PA4220,CORE
PA4221,CORE
PA4222,CORE
PA4223,CORE
PA4224,CORE
PA4225,CORE
PA4226,CORE
PA4227,CORE
PA4228,CORE
PA4229,CORE
PA4230,CORE
PA4231,CORE
PA4232,CORE
PA4233,CORE
PA4234,CORE
PA4235,CORE
PA4236,CORE
PA4237,CORE
PA4238,CORE
PA4239,CORE
PA4240,CORE
PA4241,CORE
PA4242,CORE
PA4243,CORE
PA4244,CORE
PA4245,CORE
PA4246,CORE
PA4247,CORE
PA4248,CORE
PA4249,CORE
PA4250,CORE
PA4251,CORE
PA4252,CORE
PA4253,CORE
PA4254,CORE
PA4255,CORE
PA4256,CORE
PA4257,CORE
PA4258,CORE
PA4259,CORE
PA4260,CORE
PA4261,CORE
PA4262,CORE
PA4263,CORE
PA4264,CORE
PA4265,CORE
PA4266,CORE
PA4267,CORE
PA4268,CORE
PA4269,CORE
PA4270,CORE
PA4271,CORE
PA4272,CORE
PA4273,CORE
PA4274,CORE
PA4275,CORE
PA4276,CORE
PA4277,CORE
PA4278,CORE
PA4279,CORE
PA4280,CORE
PA4281,CORE
PA4282,CORE
PA4283,CORE
PA4284,CORE
PA4285,CORE
PA4286,CORE
PA4287,CORE
PA4288,CORE
PA4289,CORE
PA4290,CORE
PA4291,CORE
PA4292,CORE
PA4293,CORE
PA4294,CORE
PA4295,CORE
PA4296,CORE
PA4297,CORE
PA4298,--
PA4299,CORE
PA4300,CORE
PA4301,CORE
PA4302,CORE
PA4303,CORE
PA4304,CORE
PA4305,CORE
PA4306,CORE
PA4307,CORE
PA4308,CORE
PA4309,CORE
PA4310,CORE
PA4311,CORE
PA4312,CORE
PA4313,CORE
PA4314,CORE
PA4315,CORE
PA4316,CORE
PA4317,CORE
PA4318,CORE
PA4319,CORE
PA4320,CORE
PA4321,CORE
PA4322,CORE
PA4323,CORE
PA4324,CORE
PA4325,CORE
PA4326,CORE
PA4327,CORE
PA4328,CORE
PA4329,CORE
PA4330,CORE
PA4331,CORE
PA4332,CORE
PA4333,CORE
PA4334,CORE
PA4335,CORE
PA4336,CORE
PA4337,CORE
PA4338,CORE
PA4339,CORE
PA4340,CORE
PA4341,CORE
PA4342,CORE
PA4343,CORE
PA4344,CORE
PA4345,CORE
PA4346,CORE
PA4347,CORE
PA4348,CORE
PA4349,CORE
PA4350,CORE
PA4351,CORE
PA4352,CORE
PA4353,CORE
PA4354,CORE
PA4355,CORE
PA4356,CORE
PA4357,CORE
PA4358,CORE
PA4359,CORE
PA4360,CORE
PA4361,CORE
PA4362,CORE
PA4363,CORE
PA4364,CORE
PA4365,CORE
PA4366,CORE
PA4367,CORE
PA4368,CORE
PA4369,CORE
PA4370,CORE
PA4371,CORE
PA4372,CORE
PA4373,CORE
PA4374,CORE
PA4375,CORE
PA4376,CORE
PA4377,CORE
PA4378,CORE
PA4379,CORE
PA4380,CORE
PA4381,CORE
PA4382,CORE
PA4383,CORE
PA4384,CORE
PA4385,CORE
PA4386,CORE
PA4387,CORE
PA4388,CORE
PA4389,CORE
PA4390,CORE
PA4391,CORE
PA4392,CORE
PA4393,CORE
PA4394,CORE
PA4395,CORE
PA4396,CORE
PA4397,CORE
PA4398,CORE
PA4399,CORE
PA4400,CORE
PA4401,CORE
PA4402,CORE
PA4403,CORE
PA4404,CORE
PA4405,CORE
PA4406,CORE
PA4407,CORE
PA4408,CORE
PA4409,CORE
PA4410,CORE
PA4411,CORE
PA4412,CORE
PA4413,CORE
PA4414,CORE
PA4415,CORE
PA4416,CORE
PA4417,CORE
PA4418,CORE
PA4419,CORE
PA4420,CORE
PA4421,CORE
PA4422,CORE
PA4423,CORE
PA4424,CORE
PA4425,CORE
PA4426,CORE
PA4427,CORE
PA4428,CORE
PA4429,CORE
PA4430,CORE
PA4431,CORE
PA4432,CORE
PA4433,CORE
PA4434,CORE
PA4435,CORE
PA4436,CORE
PA4437,CORE
PA4438,CORE
PA4439,CORE
PA4440,CORE
PA4441,CORE
PA4442,CORE
PA4443,CORE
PA4444,CORE
PA4445,CORE
PA4446,CORE
PA4447,CORE
PA4448,CORE
PA4449,CORE
PA4450,CORE
PA4451,CORE
PA4452,CORE
PA4453,CORE
PA4454,CORE
PA4455,CORE
PA4456,CORE
PA4457,CORE
PA4458,CORE
PA4459,CORE
PA4460,CORE
PA4461,CORE
PA4462,CORE
PA4463,CORE
PA4464,CORE
PA4465,CORE
PA4466,CORE
PA4467,CORE
PA4468,CORE
PA4469,CORE
PA4470,CORE
PA4471,CORE
PA4472,CORE
PA4473,CORE
PA4474,CORE
PA4475,CORE
PA4476,CORE
PA4477,CORE
PA4478,CORE
PA4479,CORE
PA4480,CORE
PA4481,CORE
PA4482,CORE
PA4483,CORE
PA4484,CORE
PA4485,CORE
PA4486,CORE
PA4487,CORE
PA4488,CORE
PA4489,CORE
PA4490,CORE
PA4491,CORE
PA4492,CORE
PA4493,CORE
PA4494,CORE
PA4495,CORE
PA4496,CORE
PA4497,CORE
PA4498,CORE
PA4499,CORE
PA4500,CORE
PA4501,CORE
PA4502,CORE
PA4503,CORE
PA4504,CORE
PA4505,CORE
PA4506,CORE
PA4507,CORE
PA4508,CORE
PA4509,CORE
PA4510,CORE
PA4511,CORE
PA4512,CORE
PA4513,CORE
PA4514,CORE
PA4515,CORE
PA4516,CORE
PA4517,CORE
PA4518,CORE
PA4519,CORE
PA4520,CORE
PA4521,CORE
PA4522,CORE
PA4523,CORE
PA4524,CORE
PA4525,--
PA4526,CORE
PA4528,CORE
PA4529,CORE
PA4530,CORE
PA4531,CORE
PA4532,CORE
PA4533,CORE
PA4534,CORE
PA4535,CORE
PA4536,CORE
PA4537,CORE
PA4538,CORE
PA4539,CORE
PA4540,CORE
PA4541,CORE
PA4542,CORE
PA4543,CORE
PA4544,CORE
PA4545,CORE
PA4546,CORE
PA4547,CORE
PA4548,CORE
PA4549,--
PA4550,--
PA4551,--
PA4552,--
PA4553,--
PA4554,--
PA4555,--
PA4556,--
PA4557,CORE
PA4558,CORE
PA4559,CORE
PA4560,CORE
PA4561,CORE
PA4562,CORE
PA4563,CORE
PA4564,CORE
PA4565,CORE
PA4566,CORE
PA4567,CORE
PA4568,CORE
PA4569,CORE
PA4570,CORE
PA4571,CORE
PA4572,CORE
PA4573,CORE
PA4574,CORE
PA4575,CORE
PA4576,CORE
PA4577,CORE
PA4578,CORE
PA4579,CORE
PA4580,CORE
PA4581,CORE
PA4582,CORE
PA4583,CORE
PA4584,CORE
PA4585,CORE
PA4586,CORE
PA4587,CORE
PA4588,CORE
PA4589,CORE
PA4590,CORE
PA4591,CORE
PA4592,--
PA4593,CORE
PA4594,CORE
PA4595,CORE
PA4596,CORE
PA4597,CORE
PA4598,CORE
PA4599,CORE
PA4600,CORE
PA4601,CORE
PA4602,CORE
PA4603,--
PA4604,CORE
PA4605,CORE
PA4606,CORE
PA4607,CORE
PA4608,CORE
PA4609,CORE
PA4610,CORE
PA4611,CORE
PA4612,CORE
PA4613,CORE
PA4614,CORE
PA4615,CORE
PA4616,CORE
PA4617,CORE
PA4618,CORE
PA4619,CORE
PA4620,CORE
PA4621,CORE
PA4622,CORE
PA4623,CORE
PA4624,CORE
PA4625,CORE
PA4626,CORE
PA4627,CORE
PA4628,CORE
PA4629,CORE
PA4630,CORE
PA4631,CORE
PA4632,CORE
PA4633,CORE
PA4634,CORE
PA4635,CORE
PA4636,CORE
PA4637,CORE
PA4638,--
PA4639,CORE
PA4640,CORE
PA4642,CORE
PA4643,CORE
PA4644,CORE
PA4645,CORE
PA4646,CORE
PA4647,CORE
PA4648,CORE
PA4649,CORE
PA4650,CORE
PA4651,CORE
PA4652,CORE
PA4653,CORE
PA4654,CORE
PA4655,CORE
PA4656,CORE
PA4657,CORE
PA4658,CORE
PA4659,CORE
PA4660,CORE
PA4661,CORE
PA4662,CORE
PA4663,CORE
PA4664,CORE
PA4665,CORE
PA4666,CORE
PA4667,CORE
PA4668,CORE
PA4669,CORE
PA4670,CORE
PA4671,CORE
PA4672,CORE
PA4673,CORE
PA4674,CORE
PA4674.1,CORE
PA4675,CORE
PA4676,CORE
PA4677,CORE
PA4678,CORE
PA4679,CORE
PA4680,CORE
PA4681,CORE
PA4682,CORE
PA4683,CORE
PA4684,CORE
PA4685,CORE
PA4686,CORE
PA4687,CORE
PA4688,CORE
PA4689,CORE
PA4691,CORE
PA4692,CORE
PA4693,CORE
PA4694,CORE
PA4695,CORE
PA4696,CORE
PA4697,CORE
PA4698,CORE
PA4699,CORE
PA4700,CORE
PA4701,CORE
PA4702,CORE
PA4703,CORE
PA4704,CORE
PA4705,CORE
PA4706,CORE
PA4707,CORE
PA4708,CORE
PA4709,CORE
PA4710,CORE
PA4711,CORE
PA4712,CORE
PA4713,CORE
PA4714,CORE
PA4715,CORE
PA4716,CORE
PA4717,CORE
PA4718,CORE
PA4719,CORE
PA4720,CORE
PA4721,CORE
PA4722,CORE
PA4723,CORE
PA4724,CORE
PA4724.1,CORE
PA4725,CORE
PA4726,CORE
PA4727,CORE
PA4728,CORE
PA4729,CORE
PA4730,CORE
PA4731,CORE
PA4732,CORE
PA4733,CORE
PA4734,CORE
PA4735,CORE
PA4736,CORE
PA4737,CORE
PA4738,CORE
PA4739,CORE
PA4740,CORE
PA4741,CORE
PA4742,CORE
PA4743,CORE
PA4744,CORE
PA4745,CORE
PA4746,CORE
PA4747,CORE
PA4748,CORE
PA4749,CORE
PA4750,CORE
PA4751,CORE
PA4752,CORE
PA4753,CORE
PA4754,CORE
PA4755,CORE
PA4756,CORE
PA4757,CORE
PA4758,CORE
PA4759,CORE
PA4760,CORE
PA4761,CORE
PA4762,CORE
PA4763,CORE
PA4764,CORE
PA4765,CORE
PA4766,CORE
PA4767,CORE
PA4768,CORE
PA4769,CORE
PA4770,CORE
PA4771,CORE
PA4772,CORE
PA4773,CORE
PA4774,CORE
PA4775,CORE
PA4776,CORE
PA4777,CORE
PA4778,CORE
PA4779,CORE
PA4780,CORE
PA4781,CORE
PA4782,CORE
PA4783,CORE
PA4784,CORE
PA4785,CORE
PA4786,CORE
PA4787,CORE
PA4788,CORE
PA4789,CORE
PA4790,CORE
PA4791,CORE
PA4792,CORE
PA4793,CORE
PA4794,CORE
PA4795,CORE
PA4796,CORE
PA4797,--
PA4798,--
PA4799,CORE
PA4800,CORE
PA4801,CORE
PA4802,--
PA4803,CORE
PA4804,CORE
PA4805,CORE
PA4806,CORE
PA4807,CORE
PA4808,CORE
PA4809,CORE
PA4810,CORE
PA4811,CORE
PA4812,CORE
PA4813,CORE
PA4814,CORE
PA4815,CORE
PA4816,CORE
PA4817,CORE
PA4818,CORE
PA4819,CORE
PA4820,CORE
PA4821,CORE
PA4822,CORE
PA4823,CORE
PA4824,CORE
PA4825,CORE
PA4826,CORE
PA4827,CORE
PA4828,CORE
PA4829,CORE
PA4830,CORE
PA4831,CORE
PA4832,CORE
PA4833,CORE
PA4834,CORE
PA4835,CORE
PA4836,CORE
PA4837,CORE
PA4838,CORE
PA4839,CORE
PA4840,CORE
PA4841,CORE
PA4842,CORE
PA4843,CORE
PA4844,CORE
PA4845,CORE
PA4846,CORE
PA4847,CORE
PA4848,CORE
PA4849,CORE
PA4850,CORE
PA4851,CORE
PA4852,CORE
PA4853,CORE
PA4854,CORE
PA4855,CORE
PA4856,CORE
PA4857,CORE
PA4858,CORE
PA4859,CORE
PA4860,CORE
PA4861,CORE
PA4862,CORE
PA4863,CORE
PA4864,CORE
PA4865,CORE
PA4866,CORE
PA4867,CORE
PA4868,CORE
PA4869,CORE
PA4870,CORE
PA4871,CORE
PA4872,CORE
PA4873,CORE
PA4874,--
PA4875,--
PA4876,CORE
PA4877,CORE
PA4878,CORE
PA4879,CORE
PA4880,CORE
PA4881,CORE
PA4882,CORE
PA4883,CORE
PA4884,CORE
PA4885,CORE
PA4886,CORE
PA4887,CORE
PA4888,CORE
PA4889,CORE
PA4890,CORE
PA4891,CORE
PA4892,CORE
PA4893,CORE
PA4894,CORE
PA4895,CORE
PA4896,CORE
PA4897,CORE
PA4898,CORE
PA4899,CORE
PA4900,CORE
PA4901,CORE
PA4902,CORE
PA4903,CORE
PA4904,CORE
PA4905,CORE
PA4906,CORE
PA4907,CORE
PA4908,CORE
PA4909,CORE
PA4910,CORE
PA4911,CORE
PA4912,CORE
PA4913,CORE
PA4914,CORE
PA4915,CORE
PA4916,CORE
PA4917,CORE
PA4918,CORE
PA4919,CORE
PA4920,CORE
PA4921,CORE
PA4922,CORE
PA4923,CORE
PA4924,CORE
PA4925,CORE
PA4926,CORE
PA4927,CORE
PA4928,CORE
PA4929,--
PA4930,CORE
PA4931,CORE
PA4932,CORE
PA4933,CORE
PA4934,CORE
PA4935,CORE
PA4936,CORE
PA4937,CORE
PA4938,CORE
PA4939,CORE
PA4940,CORE
PA4941,CORE
PA4942,CORE
PA4943,CORE
PA4944,CORE
PA4945,CORE
PA4946,CORE
PA4947,CORE
PA4948,CORE
PA4949,CORE
PA4950,CORE
PA4951,CORE
PA4952,CORE
PA4953,CORE
PA4954,CORE
PA4955,CORE
PA4956,CORE
PA4957,CORE
PA4958,CORE
PA4959,CORE
PA4960,CORE
PA4961,CORE
PA4962,CORE
PA4963,CORE
PA4964,CORE
PA4965,CORE
PA4966,CORE
PA4967,CORE
PA4968,CORE
PA4969,CORE
PA4970,CORE
PA4971,CORE
PA4972,CORE
PA4973,CORE
PA4974,CORE
PA4975,CORE
PA4976,CORE
PA4977,CORE
PA4978,CORE
PA4979,CORE
PA4980,CORE
PA4981,CORE
PA4982,CORE
PA4983,CORE
PA4984,CORE
PA4985,CORE
PA4986,CORE
PA4987,CORE
PA4988,CORE
PA4989,CORE
PA4990,CORE
PA4991,CORE
PA4992,CORE
PA4993,CORE
PA4994,CORE
PA4995,CORE
PA4996,CORE
PA4997,CORE
PA4998,CORE
PA4999,CORE
PA5000,CORE
PA5001,CORE
PA5002,CORE
PA5003,CORE
PA5004,CORE
PA5005,CORE
PA5006,CORE
PA5007,CORE
PA5008,CORE
PA5009,CORE
PA5010,CORE
PA5011,CORE
PA5012,CORE
PA5013,CORE
PA5014,CORE
PA5015,CORE
PA5016,CORE
PA5017,CORE
PA5018,CORE
PA5019,CORE
PA5020,CORE
PA5021,CORE
PA5022,CORE
PA5023,CORE
PA5024,CORE
PA5025,CORE
PA5026,CORE
PA5027,CORE
PA5028,CORE
PA5029,CORE
PA5030,CORE
PA5031,--
PA5032,CORE
PA5033,CORE
PA5034,CORE
PA5035,CORE
PA5036,CORE
PA5037,CORE
PA5038,CORE
PA5039,CORE
PA5040,CORE
PA5041,CORE
PA5042,CORE
PA5043,CORE
PA5044,CORE
PA5045,CORE
PA5046,CORE
PA5047,CORE
PA5048,CORE
PA5049,CORE
PA5050,CORE
PA5051,CORE
PA5052,CORE
PA5053,CORE
PA5054,CORE
PA5055,CORE
PA5056,CORE
PA5057,CORE
PA5058,CORE
PA5059,CORE
PA5060,CORE
PA5061,CORE
PA5062,CORE
PA5063,CORE
PA5064,CORE
PA5065,CORE
PA5066,CORE
PA5067,CORE
PA5068,CORE
PA5069,CORE
PA5070,CORE
PA5071,CORE
PA5072,CORE
PA5073,CORE
PA5074,CORE
PA5075,CORE
PA5076,CORE
PA5077,CORE
PA5078,CORE
PA5079,CORE
PA5080,CORE
PA5081,CORE
PA5082,CORE
PA5083,CORE
PA5084,CORE
PA5085,CORE
PA5086,CORE
PA5087,--
PA5088,--
PA5089,--
PA5090,CORE
PA5091,CORE
PA5092,CORE
PA5093,CORE
PA5094,CORE
PA5095,CORE
PA5096,CORE
PA5097,CORE
PA5098,CORE
PA5099,CORE
PA5100,CORE
PA5101,CORE
PA5102,CORE
PA5103,CORE
PA5104,CORE
PA5105,CORE
PA5106,CORE
PA5107,CORE
PA5108,CORE
PA5109,CORE
PA5110,CORE
PA5111,CORE
PA5112,CORE
PA5113,CORE
PA5114,CORE
PA5115,CORE
PA5116,CORE
PA5117,CORE
PA5118,CORE
PA5119,CORE
PA5120,CORE
PA5121,CORE
PA5122,CORE
PA5123,CORE
PA5124,CORE
PA5125,CORE
PA5126,CORE
PA5127,CORE
PA5128,CORE
PA5129,CORE
PA5130,CORE
PA5131,CORE
PA5132,CORE
PA5133,CORE
PA5134,CORE
PA5135,CORE
PA5136,CORE
PA5137,CORE
PA5138,CORE
PA5139,CORE
PA5140,CORE
PA5141,CORE
PA5142,CORE
PA5143,CORE
PA5144,CORE
PA5145,CORE
PA5146,CORE
PA5147,CORE
PA5148,CORE
PA5149,CORE
PA5150,CORE
PA5151,CORE
PA5152,CORE
PA5153,CORE
PA5154,CORE
PA5155,CORE
PA5156,CORE
PA5157,CORE
PA5158,CORE
PA5159,CORE
PA5160,CORE
PA5161,CORE
PA5162,CORE
PA5163,CORE
PA5164,CORE
PA5165,CORE
PA5166,CORE
PA5167,CORE
PA5168,CORE
PA5169,CORE
PA5170,CORE
PA5171,CORE
PA5172,CORE
PA5173,CORE
PA5174,CORE
PA5175,CORE
PA5176,CORE
PA5177,CORE
PA5178,CORE
PA5179,CORE
PA5180,CORE
PA5181,CORE
PA5182,CORE
PA5183,CORE
PA5183.1,CORE
PA5184,CORE
PA5185,CORE
PA5186,CORE
PA5187,CORE
PA5188,CORE
PA5189,CORE
PA5190,CORE
PA5191,CORE
PA5192,CORE
PA5193,CORE
PA5194,CORE
PA5195,CORE
PA5196,CORE
PA5197,CORE
PA5198,CORE
PA5199,CORE
PA5200,CORE
PA5201,CORE
PA5202,CORE
PA5203,CORE
PA5204,CORE
PA5205,CORE
PA5206,CORE
PA5207,CORE
PA5208,CORE
PA5209,CORE
PA5210,CORE
PA5211,CORE
PA5212,CORE
PA5213,CORE
PA5214,CORE
PA5215,CORE
PA5216,CORE
PA5217,CORE
PA5218,CORE
PA5219,CORE
PA5220,CORE
PA5221,CORE
PA5222,CORE
PA5223,CORE
PA5224,CORE
PA5225,CORE
PA5226,CORE
PA5227,CORE
PA5228,CORE
PA5229,CORE
PA5230,CORE
PA5231,CORE
PA5232,CORE
PA5233,CORE
PA5234,CORE
PA5235,CORE
PA5236,CORE
PA5237,CORE
PA5238,CORE
PA5239,CORE
PA5240,CORE
PA5241,CORE
PA5242,CORE
PA5243,CORE
PA5244,CORE
PA5245,CORE
PA5246,CORE
PA5247,CORE
PA5248,CORE
PA5249,CORE
PA5250,CORE
PA5251,CORE
PA5252,CORE
PA5253,CORE
PA5254,--
PA5255,CORE
PA5256,CORE
PA5257,CORE
PA5258,CORE
PA5259,CORE
PA5260,CORE
PA5261,CORE
PA5262,CORE
PA5263,CORE
PA5264,--
PA5265,--
PA5266,--
PA5267,--
PA5268,CORE
PA5269,CORE
PA5270,CORE
PA5271,CORE
PA5272,CORE
PA5273,CORE
PA5274,CORE
PA5275,CORE
PA5276,CORE
PA5277,CORE
PA5278,CORE
PA5279,CORE
PA5280,CORE
PA5281,CORE
PA5282,CORE
PA5283,CORE
PA5284,CORE
PA5285,CORE
PA5286,CORE
PA5287,CORE
PA5288,CORE
PA5289,CORE
PA5290,--
PA5291,CORE
PA5292,CORE
PA5293,CORE
PA5294,--
PA5295,CORE
PA5296,CORE
PA5297,CORE
PA5298,CORE
PA5299,CORE
PA5300,CORE
PA5301,CORE
PA5302,CORE
PA5303,CORE
PA5304,CORE
PA5305,CORE
PA5306,CORE
PA5307,CORE
PA5308,CORE
PA5309,CORE
PA5310,CORE
PA5311,CORE
PA5312,CORE
PA5313,CORE
PA5314,CORE
PA5315,CORE
PA5316,CORE
PA5317,CORE
PA5318,--
PA5319,CORE
PA5320,CORE
PA5321,CORE
PA5322,CORE
PA5323,CORE
PA5324,CORE
PA5325,CORE
PA5326,CORE
PA5327,CORE
PA5328,CORE
PA5329,CORE
PA5330,CORE
PA5331,CORE
PA5332,CORE
PA5333,CORE
PA5334,CORE
PA5335,CORE
PA5336,CORE
PA5337,CORE
PA5338,CORE
PA5339,CORE
PA5340,CORE
PA5341,CORE
PA5342,CORE
PA5343,CORE
PA5344,CORE
PA5345,CORE
PA5346,CORE
PA5347,CORE
PA5348,CORE
PA5349,CORE
PA5350,CORE
PA5351,CORE
PA5352,CORE
PA5353,CORE
PA5354,CORE
PA5355,CORE
PA5356,CORE
PA5357,CORE
PA5358,CORE
PA5359,CORE
PA5360,CORE
PA5361,CORE
PA5362,CORE
PA5363,CORE
PA5364,CORE
PA5365,CORE
PA5366,CORE
PA5367,CORE
PA5368,CORE
PA5369,CORE
PA5370,CORE
PA5371,CORE
PA5372,CORE
PA5373,CORE
PA5374,CORE
PA5375,CORE
PA5376,CORE
PA5377,CORE
PA5378,CORE
PA5379,CORE
PA5380,CORE
PA5381,CORE
PA5382,CORE
PA5383,CORE
PA5384,CORE
PA5385,CORE
PA5386,CORE
PA5387,CORE
PA5388,CORE
PA5389,CORE
PA5390,CORE
PA5391,CORE
PA5392,CORE
PA5393,CORE
PA5394,CORE
PA5395,CORE
PA5396,CORE
PA5397,CORE
PA5398,CORE
PA5399,CORE
PA5400,CORE
PA5401,CORE
PA5402,CORE
PA5403,CORE
PA5404,CORE
PA5405,CORE
PA5406,CORE
PA5407,CORE
PA5408,CORE
PA5409,CORE
PA5410,CORE
PA5411,CORE
PA5412,CORE
PA5413,CORE
PA5414,CORE
PA5415,CORE
PA5416,CORE
PA5417,CORE
PA5418,CORE
PA5419,CORE
PA5420,CORE
PA5421,CORE
PA5422,CORE
PA5423,CORE
PA5424,CORE
PA5425,CORE
PA5426,CORE
PA5427,CORE
PA5428,CORE
PA5429,CORE
PA5430,CORE
PA5431,CORE
PA5432,CORE
PA5433,CORE
PA5434,CORE
PA5435,CORE
PA5436,CORE
PA5437,CORE
PA5438,CORE
PA5439,CORE
PA5440,CORE
PA5441,CORE
PA5442,CORE
PA5443,CORE
PA5444,CORE
PA5445,CORE
PA5446,CORE
PA5447,CORE
PA5448,CORE
PA5449,CORE
PA5450,CORE
PA5451,CORE
PA5452,CORE
PA5453,CORE
PA5454,CORE
PA5455,CORE
PA5456,CORE
PA5457,CORE
PA5458,CORE
PA5459,CORE
PA5460,CORE
PA5461,CORE
PA5462,CORE
PA5463,CORE
PA5464,CORE
PA5465,CORE
PA5466,CORE
PA5467,CORE
PA5468,CORE
PA5469,CORE
PA5470,CORE
PA5471,CORE
PA5471.1,CORE
PA5472,CORE
PA5473,CORE
PA5474,CORE
PA5475,CORE
PA5476,CORE
PA5477,CORE
PA5478,CORE
PA5479,CORE
PA5480,--
PA5481,CORE
PA5482,CORE
PA5483,CORE
PA5484,CORE
PA5485,CORE
PA5486,CORE
PA5487,CORE
PA5488,CORE
PA5489,CORE
PA5490,CORE
PA5491,CORE
PA5492,CORE
PA5493,CORE
PA5494,CORE
PA5495,CORE
PA5496,CORE
PA5497,CORE
PA5498,CORE
PA5499,CORE
PA5500,CORE
PA5501,CORE
PA5502,CORE
PA5503,CORE
PA5504,CORE
PA5505,CORE
PA5506,CORE
PA5507,CORE
PA5508,CORE
PA5509,CORE
PA5510,CORE
PA5511,CORE
PA5512,CORE
PA5513,CORE
PA5514,CORE
PA5515,CORE
PA5516,CORE
PA5517,CORE
PA5518,CORE
PA5519,CORE
PA5520,CORE
PA5521,CORE
PA5522,CORE
PA5523,CORE
PA5524,CORE
PA5525,CORE
PA5526,CORE
PA5527,CORE
PA5528,CORE
PA5529,CORE
PA5530,CORE
PA5531,CORE
PA5532,CORE
PA5533,CORE
PA5534,CORE
PA5535,CORE
PA5536,CORE
PA5537,CORE
PA5538,CORE
PA5539,CORE
PA5540,CORE
PA5541,CORE
PA5542,CORE
PA5543,CORE
PA5544,CORE
PA5545,CORE
PA5546,CORE
PA5547,CORE
PA5548,CORE
PA5549,CORE
PA5550,CORE
PA5551,CORE
PA5552,CORE
PA5553,CORE
PA5554,CORE
PA5555,CORE
PA5556,CORE
PA5557,CORE
PA5558,CORE
PA5559,CORE
PA5560,CORE
PA5561,CORE
PA5562,CORE
PA5563,CORE
PA5564,CORE
PA5565,CORE
PA5566,CORE
PA5567,CORE
PA5568,CORE
PA5569,CORE
PA5570,CORE
